-- MySQL dump 10.13  Distrib 5.6.51, for Win64 (x86_64)
--
-- Host: localhost    Database: docs_api
-- ------------------------------------------------------
-- Server version	5.6.51-log

/*!40101 SET @OLD_CHARACTER_SET_CLIENT=@@CHARACTER_SET_CLIENT */;
/*!40101 SET @OLD_CHARACTER_SET_RESULTS=@@CHARACTER_SET_RESULTS */;
/*!40101 SET @OLD_COLLATION_CONNECTION=@@COLLATION_CONNECTION */;
/*!40101 SET NAMES utf8 */;
/*!40103 SET @OLD_TIME_ZONE=@@TIME_ZONE */;
/*!40103 SET TIME_ZONE='+00:00' */;
/*!40014 SET @OLD_UNIQUE_CHECKS=@@UNIQUE_CHECKS, UNIQUE_CHECKS=0 */;
/*!40014 SET @OLD_FOREIGN_KEY_CHECKS=@@FOREIGN_KEY_CHECKS, FOREIGN_KEY_CHECKS=0 */;
/*!40101 SET @OLD_SQL_MODE=@@SQL_MODE, SQL_MODE='NO_AUTO_VALUE_ON_ZERO' */;
/*!40111 SET @OLD_SQL_NOTES=@@SQL_NOTES, SQL_NOTES=0 */;

--
-- Table structure for table `seg_actividad_terceros`
--

DROP TABLE IF EXISTS `seg_actividad_terceros`;
/*!40101 SET @saved_cs_client     = @@character_set_client */;
/*!40101 SET character_set_client = utf8 */;
CREATE TABLE `seg_actividad_terceros` (
  `id_actvtercero` int(11) NOT NULL AUTO_INCREMENT,
  `id_tercero` int(11) DEFAULT NULL,
  `id_actividad` int(11) DEFAULT NULL,
  `fec_inicio` date DEFAULT NULL,
  `estado` smallint(1) DEFAULT '1',
  `id_user_reg` int(11) DEFAULT NULL,
  `tipo_user_reg` char(5) DEFAULT NULL,
  `doc_reg` char(12) DEFAULT NULL,
  `fec_reg` timestamp NULL DEFAULT NULL,
  `id_user_act` int(11) DEFAULT NULL,
  `tipo_user_act` char(5) DEFAULT NULL,
  `doc_act` char(12) DEFAULT NULL,
  `fec_act` timestamp NULL DEFAULT NULL,
  PRIMARY KEY (`id_actvtercero`),
  KEY `ID_TERCEROACTV` (`id_tercero`),
  KEY `ID_ATCVECON` (`id_actividad`),
  CONSTRAINT `ID_ATCVECON` FOREIGN KEY (`id_actividad`) REFERENCES `seg_actividades_economicas` (`id_actividad`),
  CONSTRAINT `ID_TERCEROACTV` FOREIGN KEY (`id_tercero`) REFERENCES `seg_terceros` (`id_tercero`)
) ENGINE=InnoDB AUTO_INCREMENT=24 DEFAULT CHARSET=utf8;
/*!40101 SET character_set_client = @saved_cs_client */;

--
-- Dumping data for table `seg_actividad_terceros`
--

LOCK TABLES `seg_actividad_terceros` WRITE;
/*!40000 ALTER TABLE `seg_actividad_terceros` DISABLE KEYS */;
INSERT INTO `seg_actividad_terceros` VALUES (2,1,327,'2021-09-01',1,1,'user',NULL,'2021-09-20 14:56:06',1,'otro',NULL,'2021-10-18 15:42:19'),(3,1,145,'2021-09-01',1,1,'user',NULL,'2021-09-20 14:58:20',1,'otro',NULL,'2021-10-18 15:42:18'),(5,3,328,'2021-09-01',1,1,'user',NULL,'2021-09-21 14:14:15',3,'otro',NULL,'2021-10-04 17:01:58'),(8,11,10,'2021-01-01',1,11,'otro',NULL,'2021-09-21 19:57:04',NULL,NULL,NULL,NULL),(9,11,21,'2021-09-01',1,11,'otro',NULL,'2021-09-21 19:58:08',NULL,NULL,NULL,NULL),(13,3,21,NULL,1,1,'user','8001234323','2021-10-05 17:04:33',NULL,NULL,NULL,NULL),(14,3,17,NULL,1,1,'user','8001234323','2021-10-05 17:04:52',NULL,NULL,NULL,NULL),(15,3,48,'2021-10-01',1,1,'user','8001234323','2021-10-05 17:09:02',NULL,NULL,NULL,NULL),(20,3,50,'2021-10-01',1,1,'user','8001234323','2021-10-07 19:48:52',NULL,NULL,NULL,NULL),(21,3,19,'2021-10-01',1,1,'user','8001234323','2021-10-07 19:52:28',NULL,NULL,NULL,NULL),(22,1,180,'2022-01-26',1,1,'otro','1085907600','2022-01-26 17:20:41',NULL,NULL,NULL,NULL),(23,21,180,'2022-03-01',1,1,'user','901045775','2022-03-25 16:27:55',NULL,NULL,NULL,NULL);
/*!40000 ALTER TABLE `seg_actividad_terceros` ENABLE KEYS */;
UNLOCK TABLES;

--
-- Table structure for table `seg_actividades_economicas`
--

DROP TABLE IF EXISTS `seg_actividades_economicas`;
/*!40101 SET @saved_cs_client     = @@character_set_client */;
/*!40101 SET character_set_client = utf8 */;
CREATE TABLE `seg_actividades_economicas` (
  `id_actividad` int(11) NOT NULL AUTO_INCREMENT,
  `codigo_ciiu` char(4) DEFAULT NULL,
  `descripcion` varchar(200) DEFAULT NULL,
  PRIMARY KEY (`id_actividad`)
) ENGINE=InnoDB AUTO_INCREMENT=496 DEFAULT CHARSET=utf8;
/*!40101 SET character_set_client = @saved_cs_client */;

--
-- Dumping data for table `seg_actividades_economicas`
--

LOCK TABLES `seg_actividades_economicas` WRITE;
/*!40000 ALTER TABLE `seg_actividades_economicas` DISABLE KEYS */;
INSERT INTO `seg_actividades_economicas` VALUES (1,'0111','CULTIVO DE CEREALES (EXCEPTO ARROZ), LEGUMBRES Y SEMILLAS OLEAGINOSAS '),(2,'0112','CULTIVO DE ARROZ '),(3,'0113','CULTIVO DE HORTALIZAS, RAÍCES Y TUBÉRCULOS '),(4,'0114','CULTIVO DE TABACO '),(5,'0115','CULTIVO DE PLANTAS TEXTILES '),(6,'0119','OTROS CULTIVOS TRANSITORIOS N.C.P.'),(7,'0121','CULTIVO DE FRUTAS TROPICALES Y SUBTROPICALES'),(8,'0122','CULTIVO DE PLÁTANO Y BANANO'),(9,'0123','CULTIVO DE CAFÉ'),(10,'0124','CULTIVO DE CAÑA DE AZÚCAR'),(11,'0125','CULTIVO DE FLOR DE CORTE'),(12,'0126','CULTIVO DE PALMA PARA ACEITE (PALMA AFRICANA) Y OTROS FRUTOS OLEAGINOSOS'),(13,'0127','CULTIVO DE PLANTAS CON LAS QUE SE PREPARAN BEBIDAS'),(14,'0128','CULTIVO DE ESPECIAS Y DE PLANTAS AROMÁTICAS Y MEDICINALES '),(15,'0129','OTROS CULTIVOS PERMANENTES N.C.P.'),(16,'0130','PROPAGACIÓN DE PLANTAS (ACTIVIDADES DE LOS VIVEROS, EXCEPTO VIVEROS FORESTALES) '),(17,'0141','CRÍA DE GANADO BOVINO Y BUFALINO'),(18,'0142','CRÍA DE CABALLOS Y OTROS EQUINOS '),(19,'0143','CRÍA DE OVEJAS Y CABRAS '),(20,'0144','CRÍA DE GANADO PORCINO'),(21,'0145','CRÍA DE AVES DE CORRAL'),(22,'0149','CRÍA DE OTROS ANIMALES N.C.P.'),(23,'0150','EXPLOTACIÓN MIXTA (AGRÍCOLA Y PECUARIA) '),(24,'0161','ACTIVIDADES DE APOYO A LA AGRICULTURA '),(25,'0162','ACTIVIDADES DE APOYO A LA GANADERÍA'),(26,'0163','ACTIVIDADES POSTERIORES A LA COSECHA '),(27,'0164','TRATAMIENTO DE SEMILLAS PARA PROPAGACIÓN '),(28,'0170','CAZA ORDINARIA Y MEDIANTE TRAMPAS Y ACTIVIDADES DE SERVICIOS CONEXAS '),(29,'0210','SILVICULTURA Y OTRAS ACTIVIDADES FORESTALES'),(30,'0220','EXTRACCIÓN DE MADERA '),(31,'0230','RECOLECCIÓN DE PRODUCTOS FORESTALES DIFERENTES A LA MADERA'),(32,'0240','SERVICIOS DE APOYO A LA SILVICULTURA '),(33,'0311','PESCA MARÍTIMA '),(34,'0312','PESCA DE AGUA DULCE '),(35,'0321','ACUICULTURA MARÍTIMA '),(36,'0322','ACUICULTURA DE AGUA DULCE'),(37,'0510','EXTRACCIÓN DE HULLA (CARBÓN DE PIEDRA)'),(38,'0520','EXTRACCIÓN DE CARBÓN LIGNITO'),(39,'0610','EXTRACCIÓN DE PETRÓLEO CRUDO'),(40,'0620','EXTRACCIÓN DE GAS NATURAL'),(41,'0710','EXTRACCIÓN DE MINERALES DE HIERRO'),(42,'0721','EXTRACCIÓN DE MINERALES DE URANIO Y DE TORIO'),(43,'0722','EXTRACCIÓN DE ORO Y OTROS METALES PRECIOSOS'),(44,'0723','EXTRACCIÓN DE MINERALES DE NÍQUEL'),(45,'0729','EXTRACCIÓN DE OTROS MINERALES METALÍFEROS NO FERROSOS N.C.P.'),(46,'0811','EXTRACCIÓN DE PIEDRA, ARENA, ARCILLAS COMUNES, YESO Y ANHIDRITA'),(47,'0812','EXTRACCIÓN DE ARCILLAS DE USO INDUSTRIAL, CALIZA, CAOLÍN Y BENTONITAS'),(48,'0820','EXTRACCIÓN DE ESMERALDAS, PIEDRAS PRECIOSAS Y SEMIPRECIOSAS'),(49,'0891','EXTRACCIÓN DE MINERALES PARA LA FABRICACIÓN DE ABONOS Y PRODUCTOS QUÍMICOS'),(50,'0892','EXTRACCIÓN DE HALITA (SAL)'),(51,'0899','EXTRACCIÓN DE OTROS MINERALES NO METÁLICOS N.C.P.'),(52,'0910','ACTIVIDADES DE APOYO PARA LA EXTRACCIÓN DE PETRÓLEO Y DE GAS NATURAL'),(53,'0990','ACTIVIDADES DE APOYO PARA OTRAS ACTIVIDADES DE EXPLOTACIÓN DE MINAS Y CANTERAS'),(54,'1011','PROCESAMIENTO Y CONSERVACIÓN DE CARNE Y PRODUCTOS CÁRNICOS'),(55,'1012','PROCESAMIENTO Y CONSERVACIÓN DE PESCADOS, CRUSTÁCEOS Y MOLUSCOS'),(56,'1020','PROCESAMIENTO Y CONSERVACIÓN DE FRUTAS, LEGUMBRES, HORTALIZAS Y TUBÉRCULOS'),(57,'1030','ELABORACIÓN DE ACEITES Y GRASAS DE ORIGEN VEGETAL Y ANIMAL'),(58,'1040','ELABORACIÓN DE PRODUCTOS LÁCTEOS'),(59,'1051','ELABORACIÓN DE PRODUCTOS DE MOLINERÍA'),(60,'1052','ELABORACIÓN DE ALMIDONES Y PRODUCTOS DERIVADOS DEL ALMIDÓN'),(61,'1061','TRILLA DE CAFÉ'),(62,'1062','DESCAFEINADO, TOSTIÓN Y MOLIENDA DEL CAFÉ'),(63,'1063','OTROS DERIVADOS DEL CAFÉ'),(64,'1071','ELABORACIÓN Y REFINACIÓN DE AZÚCAR'),(65,'1072','ELABORACIÓN DE PANELA'),(66,'1081','ELABORACIÓN DE PRODUCTOS DE PANADERÍA'),(67,'1082','ELABORACIÓN DE CACAO, CHOCOLATE Y PRODUCTOS DE CONFITERÍA'),(68,'1083','ELABORACIÓN DE MACARRONES, FIDEOS, ALCUZCUZ Y PRODUCTOS FARINÁCEOS SIMILARES'),(69,'1084','ELABORACIÓN DE COMIDAS Y PLATOS PREPARADOS'),(70,'1089','ELABORACIÓN DE OTROS PRODUCTOS ALIMENTICIOS N.C.P.'),(71,'1090','ELABORACIÓN DE ALIMENTOS PREPARADOS PARA ANIMALES'),(72,'1101','DESTILACIÓN, RECTIFICACIÓN Y MEZCLA DE BEBIDAS ALCOHÓLICAS'),(73,'1102','ELABORACIÓN DE BEBIDAS FERMENTADAS NO DESTILADAS'),(74,'1103','PRODUCCIÓN DE MALTA, ELABORACIÓN DE CERVEZAS Y OTRAS BEBIDAS MALTEADAS'),(75,'1104','ELABORACIÓN DE BEBIDAS NO ALCOHÓLICAS, PRODUCCIÓN DE AGUAS MINERALES Y DE OTRAS AGUAS EMBOTELLADAS'),(76,'1200','ELABORACIÓN DE PRODUCTOS DE TABACO'),(77,'1311','PREPARACIÓN E HILATURA DE FIBRAS TEXTILES'),(78,'1312','TEJEDURÍA DE PRODUCTOS TEXTILES'),(79,'1313','ACABADO DE PRODUCTOS TEXTILES'),(80,'1391','FABRICACIÓN DE TEJIDOS DE PUNTO Y GANCHILLO'),(81,'1392','CONFECCIÓN DE ARTÍCULOS CON MATERIALES TEXTILES, EXCEPTO PRENDAS DE VESTIR'),(82,'1393','FABRICACIÓN DE TAPETES Y ALFOMBRAS PARA PISOS'),(83,'1394','FABRICACIÓN DE CUERDAS, CORDELES, CABLES, BRAMANTES Y REDES'),(84,'1399','FABRICACIÓN DE OTROS ARTÍCULOS TEXTILES N.C.P.'),(85,'1410','CONFECCIÓN DE PRENDAS DE VESTIR, EXCEPTO PRENDAS DE PIEL'),(86,'1420','FABRICACIÓN DE ARTÍCULOS DE PIEL'),(87,'1430','FABRICACIÓN DE ARTÍCULOS DE PUNTO Y GANCHILLO'),(88,'1511','CURTIDO Y RECURTIDO DE CUEROS; RECURTIDO Y TEÑIDO DE PIELES'),(89,'1512','FABRICACIÓN DE ARTÍCULOS DE VIAJE, BOLSOS DE MANO Y ARTÍCULOS SIMILARES ELABORADOS EN CUERO, Y FABRICACIÓN DE ARTÍCULOS DE TALABARTERÍA Y GUARNICIONERÍA'),(90,'1513','FABRICACIÓN DE ARTÍCULOS DE VIAJE, BOLSOS DE MANO Y ARTÍCULOS SIMILARES; ARTÍCULOS DE TALABARTERÍA Y GUARNICIONERÍA ELABORADOS EN OTROS MATERIALES'),(91,'1521','FABRICACIÓN DE CALZADO DE CUERO Y PIEL, CON CUALQUIER TIPO DE SUELA'),(92,'1522','FABRICACIÓN DE OTROS TIPOS DE CALZADO, EXCEPTO CALZADO DE CUERO Y PIEL'),(93,'1523','FABRICACIÓN DE PARTES DEL CALZADO'),(94,'1610','ASERRADO, ACEPILLADO E IMPREGNACIÓN DE LA MADERA'),(95,'1620','FABRICACIÓN DE HOJAS DE MADERA PARA ENCHAPADO; FABRICACIÓN DE TABLEROS CONTRACHAPADOS, TABLEROS LAMINADOS, TABLEROS DE PARTÍCULAS Y OTROS TABLEROS Y PANELES'),(96,'1630','FABRICACIÓN DE PARTES Y PIEZAS DE MADERA, DE CARPINTERÍA Y EBANISTERÍA PARA LA CONSTRUCCIÓN'),(97,'1640','FABRICACIÓN DE RECIPIENTES DE MADERA'),(98,'1690','FABRICACIÓN DE OTROS PRODUCTOS DE MADERA; FABRICACIÓN DE ARTÍCULOS DE CORCHO, CESTERÍA Y ESPARTERÍA'),(99,'1701','FABRICACIÓN DE PULPAS (PASTAS) CELULÓSICAS; PAPEL Y CARTÓN'),(100,'1702','FABRICACIÓN DE PAPEL Y CARTÓN ONDULADO (CORRUGADO); FABRICACIÓN DE ENVASES, EMPAQUES Y DE EMBALAJES DE PAPEL Y CARTÓN.'),(101,'1709','FABRICACIÓN DE OTROS ARTÍCULOS DE PAPEL Y CARTÓN'),(102,'1811','ACTIVIDADES DE IMPRESIÓN'),(103,'1812','ACTIVIDADES DE SERVICIOS RELACIONADOS CON LA IMPRESIÓN'),(104,'1820','PRODUCCIÓN DE COPIAS A PARTIR DE GRABACIONES ORIGINALES '),(105,'1910','FABRICACIÓN DE PRODUCTOS DE HORNOS DE COQUE'),(106,'1921','FABRICACIÓN DE PRODUCTOS DE LA REFINACIÓN DEL PETRÓLEO'),(107,'1922','ACTIVIDAD DE MEZCLA DE COMBUSTIBLES'),(108,'2011','FABRICACIÓN DE SUSTANCIAS Y PRODUCTOS QUÍMICOS BÁSICOS'),(109,'2012','FABRICACIÓN DE ABONOS Y COMPUESTOS INORGÁNICOS NITROGENADOS'),(110,'2013','FABRICACIÓN DE PLÁSTICOS EN FORMAS PRIMARIAS'),(111,'2014','FABRICACIÓN DE CAUCHO SINTÉTICO EN FORMAS PRIMARIAS'),(112,'2021','FABRICACIÓN DE PLAGUICIDAS Y OTROS PRODUCTOS QUÍMICOS DE USO AGROPECUARIO'),(113,'2022','FABRICACIÓN DE PINTURAS, BARNICES Y REVESTIMIENTOS SIMILARES, TINTAS PARA IMPRESIÓN Y MASILLAS'),(114,'2023','FABRICACIÓN DE JABONES Y DETERGENTES, PREPARADOS PARA LIMPIAR Y PULIR; PERFUMES Y PREPARADOS DE TOCADOR'),(115,'2029','FABRICACIÓN DE OTROS PRODUCTOS QUÍMICOS N.C.P.'),(116,'2030','FABRICACIÓN DE FIBRAS SINTÉTICAS Y ARTIFICIALES'),(117,'2100','FABRICACIÓN DE PRODUCTOS FARMACÉUTICOS, SUSTANCIAS QUÍMICAS MEDICINALES Y PRODUCTOS BOTÁNICOS DE USO FARMACÉUTICO'),(118,'2211','FABRICACIÓN DE LLANTAS Y NEUMÁTICOS DE CAUCHO'),(119,'2212','REENCAUCHE DE LLANTAS USADAS'),(120,'2219','FABRICACIÓN DE FORMAS BÁSICAS DE CAUCHO Y OTROS PRODUCTOS DE CAUCHO N.C.P.'),(121,'2221','FABRICACIÓN DE FORMAS BÁSICAS DE PLÁSTICO'),(122,'2229','FABRICACIÓN DE ARTÍCULOS DE PLÁSTICO N.C.P.'),(123,'2310','FABRICACIÓN DE VIDRIO Y PRODUCTOS DE VIDRIO'),(124,'2391','FABRICACIÓN DE PRODUCTOS REFRACTARIOS'),(125,'2392','FABRICACIÓN DE MATERIALES DE ARCILLA PARA LA CONSTRUCCIÓN'),(126,'2393','FABRICACIÓN DE OTROS PRODUCTOS DE CERÁMICA Y PORCELANA'),(127,'2394','FABRICACIÓN DE CEMENTO, CAL Y YESO'),(128,'2395','FABRICACIÓN DE ARTÍCULOS DE HORMIGÓN, CEMENTO Y YESO'),(129,'2396','CORTE, TALLADO Y ACABADO DE LA PIEDRA'),(130,'2399','FABRICACIÓN DE OTROS PRODUCTOS MINERALES NO METÁLICOS N.C.P.'),(131,'2410','INDUSTRIAS BÁSICAS DE HIERRO Y DE ACERO'),(132,'2421','INDUSTRIAS BÁSICAS DE METALES PRECIOSOS'),(133,'2429','INDUSTRIAS BÁSICAS DE OTROS METALES NO FERROSOS'),(134,'2431','FUNDICIÓN DE HIERRO Y DE ACERO'),(135,'2432','FUNDICIÓN DE METALES NO FERROSOS '),(136,'2511','FABRICACIÓN DE PRODUCTOS METÁLICOS PARA USO ESTRUCTURAL'),(137,'2512','FABRICACIÓN DE TANQUES, DEPÓSITOS Y RECIPIENTES DE METAL, EXCEPTO LOS UTILIZADOS PARA EL ENVASE O TRANSPORTE DE MERCANCÍAS'),(138,'2513','FABRICACIÓN DE GENERADORES DE VAPOR, EXCEPTO CALDERAS DE AGUA CALIENTE PARA CALEFACCIÓN CENTRAL'),(139,'2520','FABRICACIÓN DE ARMAS Y MUNICIONES'),(140,'2591','FORJA, PRENSADO, ESTAMPADO Y LAMINADO DE METAL; PULVIMETALURGIA'),(141,'2592','TRATAMIENTO Y REVESTIMIENTO DE METALES; MECANIZADO'),(142,'2593','FABRICACIÓN DE ARTÍCULOS DE CUCHILLERÍA, HERRAMIENTAS DE MANO Y ARTÍCULOS DE FERRETERÍA'),(143,'2599','FABRICACIÓN DE OTROS PRODUCTOS ELABORADOS DE METAL N.C.P.'),(144,'2610','FABRICACIÓN DE COMPONENTES Y TABLEROS ELECTRÓNICOS'),(145,'2620','FABRICACIÓN DE COMPUTADORAS Y DE EQUIPO PERIFÉRICO'),(146,'2630','FABRICACIÓN DE EQUIPOS DE COMUNICACIÓN'),(147,'2640','FABRICACIÓN DE APARATOS ELECTRÓNICOS DE CONSUMO'),(148,'2651','FABRICACIÓN DE EQUIPO DE MEDICIÓN, PRUEBA, NAVEGACIÓN Y CONTROL'),(149,'2652','FABRICACIÓN DE RELOJES'),(150,'2660','FABRICACIÓN DE EQUIPO DE IRRADIACIÓN Y EQUIPO ELECTRÓNICO DE USO MÉDICO Y TERAPÉUTICO'),(151,'2670','FABRICACIÓN DE INSTRUMENTOS ÓPTICOS Y EQUIPO FOTOGRÁFICO'),(152,'2680','FABRICACIÓN DE MEDIOS MAGNÉTICOS Y ÓPTICOS PARA ALMACENAMIENTO DE DATOS'),(153,'2711','FABRICACIÓN DE MOTORES, GENERADORES Y TRANSFORMADORES ELÉCTRICOS'),(154,'2712','FABRICACIÓN DE APARATOS DE DISTRIBUCIÓN Y CONTROL DE LA ENERGÍA ELÉCTRICA'),(155,'2720','FABRICACIÓN DE PILAS, BATERÍAS Y ACUMULADORES ELÉCTRICOS'),(156,'2731','FABRICACIÓN DE HILOS Y CABLES ELÉCTRICOS Y DE FIBRA ÓPTICA'),(157,'2732','FABRICACIÓN DE DISPOSITIVOS DE CABLEADO'),(158,'2740','FABRICACIÓN DE EQUIPOS ELÉCTRICOS DE ILUMINACIÓN'),(159,'2750','FABRICACIÓN DE APARATOS DE USO DOMÉSTICO'),(160,'2790','FABRICACIÓN DE OTROS TIPOS DE EQUIPO ELÉCTRICO N.C.P.'),(161,'2811','FABRICACIÓN DE MOTORES, TURBINAS, Y PARTES PARA MOTORES DE COMBUSTIÓN INTERNA'),(162,'2812','FABRICACIÓN DE EQUIPOS DE POTENCIA HIDRÁULICA Y NEUMÁTICA'),(163,'2813','FABRICACIÓN DE OTRAS BOMBAS, COMPRESORES, GRIFOS Y VÁLVULAS'),(164,'2814','FABRICACIÓN DE COJINETES, ENGRANAJES, TRENES DE ENGRANAJES Y PIEZAS DE TRANSMISIÓN'),(165,'2815','FABRICACIÓN DE HORNOS, HOGARES Y QUEMADORES INDUSTRIALES'),(166,'2816','FABRICACIÓN DE EQUIPO DE ELEVACIÓN Y MANIPULACIÓN'),(167,'2817','FABRICACIÓN DE MAQUINARIA Y EQUIPO DE OFICINA (EXCEPTO COMPUTADORAS Y EQUIPO PERIFÉRICO)'),(168,'2818','FABRICACIÓN DE HERRAMIENTAS MANUALES CON MOTOR'),(169,'2819','FABRICACIÓN DE OTROS TIPOS DE MAQUINARIA Y EQUIPO DE USO GENERAL N.C.P.'),(170,'2821','FABRICACIÓN DE MAQUINARIA AGROPECUARIA Y FORESTAL'),(171,'2822','FABRICACIÓN DE MÁQUINAS FORMADORAS DE METAL Y DE MÁQUINAS HERRAMIENTA'),(172,'2823','FABRICACIÓN DE MAQUINARIA PARA LA METALURGIA'),(173,'2824','FABRICACIÓN DE MAQUINARIA PARA EXPLOTACIÓN DE MINAS Y CANTERAS Y PARA OBRAS DE CONSTRUCCIÓN'),(174,'2825','FABRICACIÓN DE MAQUINARIA PARA LA ELABORACIÓN DE ALIMENTOS, BEBIDAS Y TABACO'),(175,'2826','FABRICACIÓN DE MAQUINARIA PARA LA ELABORACIÓN DE PRODUCTOS TEXTILES, PRENDAS DE VESTIR Y CUEROS'),(176,'2829','FABRICACIÓN DE OTROS TIPOS DE MAQUINARIA Y EQUIPO DE USO ESPECIAL N.C.P.'),(177,'2910','FABRICACIÓN DE VEHÍCULOS AUTOMOTORES Y SUS MOTORES'),(178,'2920','FABRICACIÓN DE CARROCERÍAS PARA VEHÍCULOS AUTOMOTORES; FABRICACIÓN DE REMOLQUES Y SEMIRREMOLQUES '),(179,'2930','FABRICACIÓN DE PARTES, PIEZAS (AUTOPARTES) Y ACCESORIOS (LUJOS) PARA VEHÍCULOS AUTOMOTORES'),(180,'3011','CONSTRUCCIÓN DE BARCOS Y DE ESTRUCTURAS FLOTANTES'),(181,'3012','CONSTRUCCIÓN DE EMBARCACIONES DE RECREO Y DEPORTE'),(182,'3020','FABRICACIÓN DE LOCOMOTORAS Y DE MATERIAL RODANTE PARA FERROCARRILES'),(183,'3030','FABRICACIÓN DE AERONAVES, NAVES ESPACIALES Y DE MAQUINARIA CONEXA'),(184,'3040','FABRICACIÓN DE VEHÍCULOS MILITARES DE COMBATE'),(185,'3091','FABRICACIÓN DE MOTOCICLETAS'),(186,'3092','FABRICACIÓN DE BICICLETAS Y DE SILLAS DE RUEDAS PARA PERSONAS CON DISCAPACIDAD'),(187,'3099','FABRICACIÓN DE OTROS TIPOS DE EQUIPO DE TRANSPORTE N.C.P.'),(188,'3110','FABRICACIÓN DE MUEBLES '),(189,'3120','FABRICACIÓN DE COLCHONES Y SOMIERES'),(190,'3210','FABRICACIÓN DE JOYAS, BISUTERÍA Y ARTÍCULOS CONEXOS'),(191,'3220','FABRICACIÓN DE INSTRUMENTOS MUSICALES'),(192,'3230','FABRICACIÓN DE ARTÍCULOS Y EQUIPO PARA LA PRÁCTICA DEL DEPORTE'),(193,'3240','FABRICACIÓN DE JUEGOS, JUGUETES Y ROMPECABEZAS'),(194,'3250','FABRICACIÓN DE INSTRUMENTOS, APARATOS Y MATERIALES MÉDICOS Y ODONTOLÓGICOS (INCLUIDO MOBILIARIO)'),(195,'3290','OTRAS INDUSTRIAS MANUFACTURERAS N.C.P.'),(196,'3311','MANTENIMIENTO Y REPARACIÓN ESPECIALIZADO DE PRODUCTOS ELABORADOS EN METAL'),(197,'3312','MANTENIMIENTO Y REPARACIÓN ESPECIALIZADO DE MAQUINARIA Y EQUIPO'),(198,'3313','MANTENIMIENTO Y REPARACIÓN ESPECIALIZADO DE EQUIPO ELECTRÓNICO Y ÓPTICO'),(199,'3314','MANTENIMIENTO Y REPARACIÓN ESPECIALIZADO DE EQUIPO ELÉCTRICO'),(200,'3315','MANTENIMIENTO Y REPARACIÓN ESPECIALIZADO DE EQUIPO DE TRANSPORTE, EXCEPTO LOS VEHÍCULOS AUTOMOTORES, MOTOCICLETAS Y BICICLETAS'),(201,'3319','MANTENIMIENTO Y REPARACIÓN DE OTROS TIPOS DE EQUIPOS Y SUS COMPONENTES N.C.P.'),(202,'3320','INSTALACIÓN ESPECIALIZADA DE MAQUINARIA Y EQUIPO INDUSTRIAL '),(203,'3511','GENERACIÓN DE ENERGÍA ELÉCTRICA'),(204,'3512','TRANSMISIÓN DE ENERGÍA ELÉCTRICA'),(205,'3513','DISTRIBUCIÓN DE ENERGÍA ELÉCTRICA'),(206,'3514','COMERCIALIZACIÓN DE ENERGÍA ELÉCTRICA'),(207,'3520','PRODUCCIÓN DE GAS; DISTRIBUCIÓN DE COMBUSTIBLES GASEOSOS POR TUBERÍAS'),(208,'3530','SUMINISTRO DE VAPOR Y AIRE ACONDICIONADO'),(209,'3600','CAPTACIÓN, TRATAMIENTO Y DISTRIBUCIÓN DE AGUA'),(210,'3700','EVACUACIÓN Y TRATAMIENTO DE AGUAS RESIDUALES'),(211,'3811','RECOLECCIÓN DE DESECHOS NO PELIGROSOS'),(212,'3812','RECOLECCIÓN DE DESECHOS PELIGROSOS'),(213,'3821','TRATAMIENTO Y DISPOSICIÓN DE DESECHOS NO PELIGROSOS'),(214,'3822','TRATAMIENTO Y DISPOSICIÓN DE DESECHOS PELIGROSOS'),(215,'3830','RECUPERACIÓN DE MATERIALES'),(216,'3900','ACTIVIDADES DE SANEAMIENTO AMBIENTAL Y OTROS SERVICIOS DE GESTIÓN DE DESECHOS'),(217,'4111','CONSTRUCCIÓN DE EDIFICIOS RESIDENCIALES'),(218,'4112','CONSTRUCCIÓN DE EDIFICIOS NO RESIDENCIALES'),(219,'4210','CONSTRUCCIÓN DE CARRETERAS Y VÍAS DE FERROCARRIL'),(220,'4220','CONSTRUCCIÓN DE PROYECTOS DE SERVICIO PÚBLICO'),(221,'4290','CONSTRUCCIÓN DE OTRAS OBRAS DE INGENIERÍA CIVIL'),(222,'4311','DEMOLICIÓN'),(223,'4312','PREPARACIÓN DEL TERRENO'),(224,'4321','INSTALACIONES ELÉCTRICAS'),(225,'4322','INSTALACIONES DE FONTANERÍA, CALEFACCIÓN Y AIRE ACONDICIONADO'),(226,'4329','OTRAS INSTALACIONES ESPECIALIZADAS'),(227,'4330','TERMINACIÓN Y ACABADO DE EDIFICIOS Y OBRAS DE INGENIERÍA CIVIL'),(228,'4390','OTRAS ACTIVIDADES ESPECIALIZADAS PARA LA CONSTRUCCIÓN DE EDIFICIOS Y OBRAS DE INGENIERÍA CIVIL'),(229,'4511','COMERCIO DE VEHÍCULOS AUTOMOTORES NUEVOS'),(230,'4512','COMERCIO DE VEHÍCULOS AUTOMOTORES USADOS'),(231,'4520','MANTENIMIENTO Y REPARACIÓN DE VEHÍCULOS AUTOMOTORES'),(232,'4530','COMERCIO DE PARTES, PIEZAS (AUTOPARTES) Y ACCESORIOS (LUJOS) PARA VEHÍCULOS AUTOMOTORES'),(233,'4541','COMERCIO DE MOTOCICLETAS Y DE SUS PARTES, PIEZAS Y ACCESORIOS'),(234,'4542','MANTENIMIENTO Y REPARACIÓN DE MOTOCICLETAS Y DE SUS PARTES Y PIEZAS'),(235,'4610','COMERCIO AL POR MAYOR A CAMBIO DE UNA RETRIBUCIÓN O POR CONTRATA'),(236,'4620','COMERCIO AL POR MAYOR DE MATERIAS PRIMAS AGROPECUARIAS; ANIMALES VIVOS'),(237,'4631','COMERCIO AL POR MAYOR DE PRODUCTOS ALIMENTICIOS'),(238,'4632','COMERCIO AL POR MAYOR DE BEBIDAS Y TABACO'),(239,'4641','COMERCIO AL POR MAYOR DE PRODUCTOS TEXTILES, PRODUCTOS CONFECCIONADOS PARA USO DOMÉSTICO'),(240,'4642','COMERCIO AL POR MAYOR DE PRENDAS DE VESTIR'),(241,'4643','COMERCIO AL POR MAYOR DE CALZADO'),(242,'4644','COMERCIO AL POR MAYOR DE APARATOS Y EQUIPO DE USO DOMÉSTICO'),(243,'4645','COMERCIO AL POR MAYOR DE PRODUCTOS FARMACÉUTICOS, MEDICINALES, COSMÉTICOS Y DE TOCADOR'),(244,'4649','COMERCIO AL POR MAYOR DE OTROS UTENSILIOS DOMÉSTICOS N.C.P.'),(245,'4651','COMERCIO AL POR MAYOR DE COMPUTADORES, EQUIPO PERIFÉRICO Y PROGRAMAS DE INFORMÁTICA'),(246,'4652','COMERCIO AL POR MAYOR DE EQUIPO, PARTES Y PIEZAS ELECTRÓNICOS Y DE TELECOMUNICACIONES'),(247,'4653','COMERCIO AL POR MAYOR DE MAQUINARIA Y EQUIPO AGROPECUARIOS'),(248,'4659','COMERCIO AL POR MAYOR DE OTROS TIPOS DE MAQUINARIA Y EQUIPO N.C.P.'),(249,'4661','COMERCIO AL POR MAYOR DE COMBUSTIBLES SÓLIDOS, LÍQUIDOS, GASEOSOS Y PRODUCTOS CONEXOS'),(250,'4662','COMERCIO AL POR MAYOR DE METALES Y PRODUCTOS METALÍFEROS'),(251,'4663','COMERCIO AL POR MAYOR DE MATERIALES DE CONSTRUCCIÓN, ARTÍCULOS DE FERRETERÍA, PINTURAS, PRODUCTOS DE VIDRIO, EQUIPO Y MATERIALES DE FONTANERÍA Y CALEFACCIÓN'),(252,'4664','COMERCIO AL POR MAYOR DE PRODUCTOS QUÍMICOS BÁSICOS, CAUCHOS Y PLÁSTICOS EN FORMAS PRIMARIAS Y PRODUCTOS QUÍMICOS DE USO AGROPECUARIO'),(253,'4665','COMERCIO AL POR MAYOR DE DESPERDICIOS, DESECHOS Y CHATARRA'),(254,'4669','COMERCIO AL POR MAYOR DE OTROS PRODUCTOS N.C.P.'),(255,'4690','COMERCIO AL POR MAYOR NO ESPECIALIZADO'),(256,'4711','COMERCIO AL POR MENOR EN ESTABLECIMIENTOS NO ESPECIALIZADOS CON SURTIDO COMPUESTO PRINCIPALMENTE POR ALIMENTOS, BEBIDAS O TABACO'),(257,'4719','COMERCIO AL POR MENOR EN ESTABLECIMIENTOS NO ESPECIALIZADOS, CON SURTIDO COMPUESTO PRINCIPALMENTE POR PRODUCTOS DIFERENTES DE ALIMENTOS (VÍVERES EN GENERAL), BEBIDAS Y TABACO'),(258,'4721','COMERCIO AL POR MENOR DE PRODUCTOS AGRÍCOLAS PARA EL CONSUMO EN ESTABLECIMIENTOS ESPECIALIZADOS'),(259,'4722','COMERCIO AL POR MENOR DE LECHE, PRODUCTOS LÁCTEOS Y HUEVOS, EN ESTABLECIMIENTOS ESPECIALIZADOS'),(260,'4723','COMERCIO AL POR MENOR DE CARNES (INCLUYE AVES DE CORRAL), PRODUCTOS CÁRNICOS, PESCADOS Y PRODUCTOS DE MAR, EN ESTABLECIMIENTOS ESPECIALIZADOS'),(261,'4724','COMERCIO AL POR MENOR DE BEBIDAS Y PRODUCTOS DEL TABACO, EN ESTABLECIMIENTOS ESPECIALIZADOS'),(262,'4729','COMERCIO AL POR MENOR DE OTROS PRODUCTOS ALIMENTICIOS N.C.P., EN ESTABLECIMIENTOS ESPECIALIZADOS'),(263,'4731','COMERCIO AL POR MENOR DE COMBUSTIBLE PARA AUTOMOTORES'),(264,'4732','COMERCIO AL POR MENOR DE LUBRICANTES (ACEITES, GRASAS), ADITIVOS Y PRODUCTOS DE LIMPIEZA PARA VEHÍCULOS AUTOMOTORES'),(265,'4741','COMERCIO AL POR MENOR DE COMPUTADORES, EQUIPOS PERIFÉRICOS, PROGRAMAS DE INFORMÁTICA Y EQUIPOS DE TELECOMUNICACIONES EN ESTABLECIMIENTOS ESPECIALIZADOS'),(266,'4742','COMERCIO AL POR MENOR DE EQUIPOS Y APARATOS DE SONIDO Y DE VIDEO, EN ESTABLECIMIENTOS ESPECIALIZADOS'),(267,'4751','COMERCIO AL POR MENOR DE PRODUCTOS TEXTILES EN ESTABLECIMIENTOS ESPECIALIZADOS'),(268,'4752','COMERCIO AL POR MENOR DE ARTÍCULOS DE FERRETERÍA, PINTURAS Y PRODUCTOS DE VIDRIO EN ESTABLECIMIENTOS ESPECIALIZADOS'),(269,'4753','COMERCIO AL POR MENOR DE TAPICES, ALFOMBRAS Y CUBRIMIENTOS PARA PAREDES Y PISOS EN ESTABLECIMIENTOS ESPECIALIZADOS'),(270,'4754','COMERCIO AL POR MENOR DE ELECTRODOMÉSTICOS Y GASODOMÉSTICOS DE USO DOMÉSTICO, MUEBLES Y EQUIPOS DE ILUMINACIÓN'),(271,'4755','COMERCIO AL POR MENOR DE ARTÍCULOS Y UTENSILIOS DE USO DOMÉSTICO'),(272,'4759','COMERCIO AL POR MENOR DE OTROS ARTÍCULOS DOMÉSTICOS EN ESTABLECIMIENTOS ESPECIALIZADOS'),(273,'4761','COMERCIO AL POR MENOR DE LIBROS, PERIÓDICOS, MATERIALES Y ARTÍCULOS DE PAPELERÍA Y ESCRITORIO, EN ESTABLECIMIENTOS ESPECIALIZADOS'),(274,'4762','COMERCIO AL POR MENOR DE ARTÍCULOS DEPORTIVOS, EN ESTABLECIMIENTOS ESPECIALIZADOS '),(275,'4769','COMERCIO AL POR MENOR DE OTROS ARTÍCULOS CULTURALES Y DE ENTRETENIMIENTO N.C.P. EN ESTABLECIMIENTOS ESPECIALIZADOS'),(276,'4771','COMERCIO AL POR MENOR DE PRENDAS DE VESTIR Y SUS ACCESORIOS (INCLUYE ARTÍCULOS DE PIEL) EN ESTABLECIMIENTOS ESPECIALIZADOS'),(277,'4772','COMERCIO AL POR MENOR DE TODO TIPO DE CALZADO Y ARTÍCULOS DE CUERO Y SUCEDÁNEOS DEL CUERO EN ESTABLECIMIENTOS ESPECIALIZADOS.'),(278,'4773','COMERCIO AL POR MENOR DE PRODUCTOS FARMACÉUTICOS Y MEDICINALES, COSMÉTICOS Y ARTÍCULOS DE TOCADOR EN ESTABLECIMIENTOS ESPECIALIZADOS'),(279,'4774','COMERCIO AL POR MENOR DE OTROS PRODUCTOS NUEVOS EN ESTABLECIMIENTOS ESPECIALIZADOS'),(280,'4775','COMERCIO AL POR MENOR DE ARTÍCULOS DE SEGUNDA MANO'),(281,'4781','COMERCIO AL POR MENOR DE ALIMENTOS, BEBIDAS Y TABACO, EN PUESTOS DE VENTA MÓVILES'),(282,'4782','COMERCIO AL POR MENOR DE PRODUCTOS TEXTILES, PRENDAS DE VESTIR Y CALZADO, EN PUESTOS DE VENTA MÓVILES'),(283,'4789','COMERCIO AL POR MENOR DE OTROS PRODUCTOS EN PUESTOS DE VENTA MÓVILES'),(284,'4791','COMERCIO AL POR MENOR REALIZADO A TRAVÉS DE INTERNET'),(285,'4792','COMERCIO AL POR MENOR REALIZADO A TRAVÉS DE CASAS DE VENTA O POR CORREO'),(286,'4799','OTROS TIPOS DE COMERCIO AL POR MENOR NO REALIZADO EN ESTABLECIMIENTOS, PUESTOS DE VENTA O MERCADOS.'),(287,'4911','TRANSPORTE FÉRREO DE PASAJEROS'),(288,'4912','TRANSPORTE FÉRREO DE CARGA '),(289,'4921','TRANSPORTE DE PASAJEROS'),(290,'4922','TRANSPORTE MIXTO'),(291,'4923','TRANSPORTE DE CARGA POR CARRETERA'),(292,'4930','TRANSPORTE POR TUBERÍAS'),(293,'5011','TRANSPORTE DE PASAJEROS MARÍTIMO Y DE CABOTAJE '),(294,'5012','TRANSPORTE DE CARGA MARÍTIMO Y DE CABOTAJE '),(295,'5021','TRANSPORTE FLUVIAL DE PASAJEROS'),(296,'5022','TRANSPORTE FLUVIAL DE CARGA'),(297,'5111','TRANSPORTE AÉREO NACIONAL DE PASAJEROS '),(298,'5112','TRANSPORTE AÉREO INTERNACIONAL DE PASAJEROS '),(299,'5121','TRANSPORTE AÉREO NACIONAL DE CARGA '),(300,'5122','TRANSPORTE AÉREO INTERNACIONAL DE CARGA '),(301,'5210','ALMACENAMIENTO Y DEPÓSITO'),(302,'5221','ACTIVIDADES DE ESTACIONES, VÍAS Y SERVICIOS COMPLEMENTARIOS PARA EL TRANSPORTE TERRESTRE'),(303,'5222','ACTIVIDADES DE PUERTOS Y SERVICIOS COMPLEMENTARIOS PARA EL TRANSPORTE ACUÁTICO'),(304,'5223','ACTIVIDADES DE AEROPUERTOS, SERVICIOS DE NAVEGACIÓN AÉREA Y DEMÁS ACTIVIDADES CONEXAS AL TRANSPORTE AÉREO'),(305,'5224','MANIPULACIÓN DE CARGA'),(306,'5229','OTRAS ACTIVIDADES COMPLEMENTARIAS AL TRANSPORTE'),(307,'5310','ACTIVIDADES POSTALES NACIONALES'),(308,'5320','ACTIVIDADES DE MENSAJERÍA'),(309,'5511','ALOJAMIENTO EN HOTELES '),(310,'5512','ALOJAMIENTO EN APARTAHOTELES'),(311,'5513','ALOJAMIENTO EN CENTROS VACACIONALES '),(312,'5514','ALOJAMIENTO RURAL'),(313,'5519','OTROS TIPOS DE ALOJAMIENTOS PARA VISITANTES'),(314,'5520','ACTIVIDADES DE ZONAS DE CAMPING Y PARQUES PARA VEHÍCULOS RECREACIONALES'),(315,'5530','SERVICIO POR HORAS '),(316,'5590','OTROS TIPOS DE ALOJAMIENTO N.C.P.'),(317,'5611','EXPENDIO A LA MESA DE COMIDAS PREPARADAS'),(318,'5612','EXPENDIO POR AUTOSERVICIO DE COMIDAS PREPARADAS'),(319,'5613','EXPENDIO DE COMIDAS PREPARADAS EN CAFETERÍAS'),(320,'5619','OTROS TIPOS DE EXPENDIO DE COMIDAS PREPARADAS N.C.P.'),(321,'5621','CATERING PARA EVENTOS'),(322,'5629','ACTIVIDADES DE OTROS SERVICIOS DE COMIDAS'),(323,'5630','EXPENDIO DE BEBIDAS ALCOHÓLICAS PARA EL CONSUMO DENTRO DEL ESTABLECIMIENTO'),(324,'5811','EDICIÓN DE LIBROS'),(325,'5812','EDICIÓN DE DIRECTORIOS Y LISTAS DE CORREO'),(326,'5813','EDICIÓN DE PERIÓDICOS, REVISTAS Y OTRAS PUBLICACIONES PERIÓDICAS'),(327,'5819','OTROS TRABAJOS DE EDICIÓN'),(328,'5820','EDICIÓN DE PROGRAMAS DE INFORMÁTICA (SOFTWARE)'),(329,'5911','ACTIVIDADES DE PRODUCCIÓN DE PELÍCULAS CINEMATOGRÁFICAS, VIDEOS, PROGRAMAS, ANUNCIOS Y COMERCIALES DE TELEVISIÓN'),(330,'5912','ACTIVIDADES DE POSPRODUCCIÓN DE PELÍCULAS CINEMATOGRÁFICAS, VIDEOS, PROGRAMAS, ANUNCIOS Y COMERCIALES DE TELEVISIÓN'),(331,'5913','ACTIVIDADES DE DISTRIBUCIÓN DE PELÍCULAS CINEMATOGRÁFICAS, VIDEOS, PROGRAMAS, ANUNCIOS Y COMERCIALES DE TELEVISIÓN'),(332,'5914','ACTIVIDADES DE EXHIBICIÓN DE PELÍCULAS CINEMATOGRÁFICAS Y VIDEOS'),(333,'5920','ACTIVIDADES DE GRABACIÓN DE SONIDO Y EDICIÓN DE MÚSICA'),(334,'6010','ACTIVIDADES DE PROGRAMACIÓN Y TRANSMISIÓN EN EL SERVICIO DE RADIODIFUSIÓN SONORA'),(335,'6020','ACTIVIDADES DE PROGRAMACIÓN Y TRANSMISIÓN DE TELEVISIÓN'),(336,'6110','ACTIVIDADES DE TELECOMUNICACIONES ALÁMBRICAS'),(337,'6120','ACTIVIDADES DE TELECOMUNICACIONES INALÁMBRICAS'),(338,'6130','ACTIVIDADES DE TELECOMUNICACIÓN SATELITAL'),(339,'6190','OTRAS ACTIVIDADES DE TELECOMUNICACIONES'),(340,'6201','ACTIVIDADES DE DESARROLLO DE SISTEMAS INFORMÁTICOS (PLANIFICACIÓN, ANÁLISIS, DISEÑO, PROGRAMACIÓN, PRUEBAS)'),(341,'6202','ACTIVIDADES DE CONSULTORÍA INFORMÁTICA Y ACTIVIDADES DE ADMINISTRACIÓN DE INSTALACIONES INFORMÁTICAS'),(342,'6209','OTRAS ACTIVIDADES DE TECNOLOGÍAS DE INFORMACIÓN Y ACTIVIDADES DE SERVICIOS INFORMÁTICOS'),(343,'6311','PROCESAMIENTO DE DATOS, ALOJAMIENTO (HOSTING) Y ACTIVIDADES RELACIONADAS'),(344,'6312','PORTALES WEB'),(345,'6391','ACTIVIDADES DE AGENCIAS DE NOTICIAS'),(346,'6399','OTRAS ACTIVIDADES DE SERVICIO DE INFORMACIÓN N.C.P.'),(347,'6411','BANCO CENTRAL'),(348,'6412','BANCOS COMERCIALES'),(349,'6421','ACTIVIDADES DE LAS CORPORACIONES FINANCIERAS'),(350,'6422','ACTIVIDADES DE LAS COMPAÑÍAS DE FINANCIAMIENTO'),(351,'6423','BANCA DE SEGUNDO PISO'),(352,'6424','ACTIVIDADES DE LAS COOPERATIVAS FINANCIERAS'),(353,'6431','FIDEICOMISOS, FONDOS Y ENTIDADES FINANCIERAS SIMILARES'),(354,'6432','FONDOS DE CESANTÍAS'),(355,'6491','LEASING FINANCIERO (ARRENDAMIENTO FINANCIERO)'),(356,'6492','ACTIVIDADES FINANCIERAS DE FONDOS DE EMPLEADOS Y OTRAS FORMAS ASOCIATIVAS DEL SECTOR SOLIDARIO'),(357,'6493','ACTIVIDADES DE COMPRA DE CARTERA O FACTORING'),(358,'6494','OTRAS ACTIVIDADES DE DISTRIBUCIÓN DE FONDOS'),(359,'6495','INSTITUCIONES ESPECIALES OFICIALES'),(360,'6499','OTRAS ACTIVIDADES DE SERVICIO FINANCIERO, EXCEPTO LAS DE SEGUROS Y PENSIONES N.C.P.'),(361,'6511','SEGUROS GENERALES '),(362,'6512','SEGUROS DE VIDA'),(363,'6513','REASEGUROS'),(364,'6514','CAPITALIZACIÓN'),(365,'6521','SERVICIOS DE SEGUROS SOCIALES DE SALUD'),(366,'6522','SERVICIOS DE SEGUROS SOCIALES DE RIESGOS PROFESIONALES'),(367,'6531','RÉGIMEN DE PRIMA MEDIA CON PRESTACIÓN DEFINIDA (RPM)'),(368,'6532','RÉGIMEN DE AHORRO INDIVIDUAL (RAI)'),(369,'6611','ADMINISTRACIÓN DE MERCADOS FINANCIEROS'),(370,'6612','CORRETAJE DE VALORES Y DE CONTRATOS DE PRODUCTOS BÁSICOS'),(371,'6613','OTRAS ACTIVIDADES RELACIONADAS CON EL MERCADO DE VALORES'),(372,'6614','ACTIVIDADES DE LAS CASAS DE CAMBIO'),(373,'6615','ACTIVIDADES DE LOS PROFESIONALES DE COMPRA Y VENTA DE DIVISAS'),(374,'6619','OTRAS ACTIVIDADES AUXILIARES DE LAS ACTIVIDADES DE SERVICIOS FINANCIEROS N.C.P.'),(375,'6621','ACTIVIDADES DE AGENTES Y CORREDORES DE SEGUROS'),(376,'6629','EVALUACIÓN DE RIESGOS Y DAÑOS, Y OTRAS ACTIVIDADES DE SERVICIOS AUXILIARES'),(377,'6630','ACTIVIDADES DE ADMINISTRACIÓN DE FONDOS'),(378,'6810','ACTIVIDADES INMOBILIARIAS REALIZADAS CON BIENES PROPIOS O ARRENDADOS'),(379,'6820','ACTIVIDADES INMOBILIARIAS REALIZADAS A CAMBIO DE UNA RETRIBUCIÓN O POR CONTRATA '),(380,'6910','ACTIVIDADES JURÍDICAS'),(381,'6920','ACTIVIDADES DE CONTABILIDAD, TENEDURÍA DE LIBROS, AUDITORÍA FINANCIERA Y ASESORÍA TRIBUTARIA'),(382,'7010','ACTIVIDADES DE ADMINISTRACIÓN EMPRESARIAL'),(383,'7020','ACTIVIDADES DE CONSULTARÍA DE GESTIÓN'),(384,'7110','ACTIVIDADES DE ARQUITECTURA E INGENIERÍA Y OTRAS ACTIVIDADES CONEXAS DE CONSULTORÍA TÉCNICA'),(385,'7120','ENSAYOS Y ANÁLISIS TÉCNICOS'),(386,'7210','INVESTIGACIONES Y DESARROLLO EXPERIMENTAL EN EL CAMPO DE LAS CIENCIAS NATURALES Y LA INGENIERÍA '),(387,'7220','INVESTIGACIONES Y DESARROLLO EXPERIMENTAL EN EL CAMPO DE LAS CIENCIAS SOCIALES Y LAS HUMANIDADES'),(388,'7310','PUBLICIDAD'),(389,'7320','ESTUDIOS DE MERCADO Y REALIZACIÓN DE ENCUESTAS DE OPINIÓN PÚBLICA'),(390,'7410','ACTIVIDADES ESPECIALIZADAS DE DISEÑO '),(391,'7420','ACTIVIDADES DE FOTOGRAFÍA'),(392,'7490','OTRAS ACTIVIDADES PROFESIONALES, CIENTÍFICAS Y TÉCNICAS N.C.P.'),(393,'7500','ACTIVIDADES VETERINARIAS'),(394,'7710','ALQUILER Y ARRENDAMIENTO DE VEHÍCULOS AUTOMOTORES'),(395,'7721','ALQUILER Y ARRENDAMIENTO DE EQUIPO RECREATIVO Y DEPORTIVO'),(396,'7722','ALQUILER DE VIDEOS Y DISCOS '),(397,'7729','ALQUILER Y ARRENDAMIENTO DE OTROS EFECTOS PERSONALES Y ENSERES DOMÉSTICOS N.C.P.'),(398,'7730','ALQUILER Y ARRENDAMIENTO DE OTROS TIPOS DE MAQUINARIA, EQUIPO Y BIENES TANGIBLES N.C.P.'),(399,'7740','ARRENDAMIENTO DE PROPIEDAD INTELECTUAL Y PRODUCTOS SIMILARES, EXCEPTO OBRAS PROTEGIDAS POR DERECHOS DE AUTOR'),(400,'7810','ACTIVIDADES DE AGENCIAS DE EMPLEO'),(401,'7820','ACTIVIDADES DE AGENCIAS DE EMPLEO TEMPORAL'),(402,'7830','OTRAS ACTIVIDADES DE SUMINISTRO DE RECURSO HUMANO'),(403,'7911','ACTIVIDADES DE LAS AGENCIAS DE VIAJE'),(404,'7912','ACTIVIDADES DE OPERADORES TURÍSTICOS'),(405,'7990','OTROS SERVICIOS DE RESERVA Y ACTIVIDADES RELACIONADAS'),(406,'8010','ACTIVIDADES DE SEGURIDAD PRIVADA'),(407,'8020','ACTIVIDADES DE SERVICIOS DE SISTEMAS DE SEGURIDAD'),(408,'8030','ACTIVIDADES DE DETECTIVES E INVESTIGADORES PRIVADOS'),(409,'8110','ACTIVIDADES COMBINADAS DE APOYO A INSTALACIONES'),(410,'8121','LIMPIEZA GENERAL INTERIOR DE EDIFICIOS'),(411,'8129','OTRAS ACTIVIDADES DE LIMPIEZA DE EDIFICIOS E INSTALACIONES INDUSTRIALES'),(412,'8130','ACTIVIDADES DE PAISAJISMO Y SERVICIOS DE MANTENIMIENTO CONEXOS'),(413,'8211','ACTIVIDADES COMBINADAS DE SERVICIOS ADMINISTRATIVOS DE OFICINA'),(414,'8219','FOTOCOPIADO, PREPARACIÓN DE DOCUMENTOS Y OTRAS ACTIVIDADES ESPECIALIZADAS DE APOYO A OFICINA'),(415,'8220','ACTIVIDADES DE CENTROS DE LLAMADAS (CALL CENTER)'),(416,'8230','ORGANIZACIÓN DE CONVENCIONES Y EVENTOS COMERCIALES'),(417,'8291','ACTIVIDADES DE AGENCIAS DE COBRANZA Y OFICINAS DE CALIFICACIÓN CREDITICIA'),(418,'8292','ACTIVIDADES DE ENVASE Y EMPAQUE'),(419,'8299','OTRAS ACTIVIDADES DE SERVICIO DE APOYO A LAS EMPRESAS N.C.P.'),(420,'8411','ACTIVIDADES LEGISLATIVAS DE LA ADMINISTRACIÓN PÚBLICA'),(421,'8412','ACTIVIDADES EJECUTIVAS DE LA ADMINISTRACIÓN PÚBLICA'),(422,'8413','REGULACIÓN DE LAS ACTIVIDADES DE ORGANISMOS QUE PRESTAN SERVICIOS DE SALUD, EDUCATIVOS, CULTURALES Y OTROS SERVICIOS SOCIALES, EXCEPTO SERVICIOS DE SEGURIDAD SOCIAL '),(423,'8414','ACTIVIDADES REGULADORAS Y FACILITADORAS DE LA ACTIVIDAD ECONÓMICA'),(424,'8415','ACTIVIDADES DE LOS OTROS ÓRGANOS DE CONTROL'),(425,'8421','RELACIONES EXTERIORES '),(426,'8422','ACTIVIDADES DE DEFENSA'),(427,'8423','ORDEN PÚBLICO Y ACTIVIDADES DE SEGURIDAD'),(428,'8424','ADMINISTRACIÓN DE JUSTICIA'),(429,'8430','ACTIVIDADES DE PLANES DE SEGURIDAD SOCIAL DE AFILIACIÓN OBLIGATORIA'),(430,'8511','EDUCACIÓN DE LA PRIMERA INFANCIA'),(431,'8512','EDUCACIÓN PREESCOLAR'),(432,'8513','EDUCACIÓN BÁSICA PRIMARIA'),(433,'8521','EDUCACIÓN BÁSICA SECUNDARIA '),(434,'8522','EDUCACIÓN MEDIA ACADÉMICA'),(435,'8523','EDUCACIÓN MEDIA TÉCNICA Y DE FORMACIÓN LABORAL'),(436,'8530','ESTABLECIMIENTOS QUE COMBINAN DIFERENTES NIVELES DE EDUCACIÓN '),(437,'8541','EDUCACIÓN TÉCNICA PROFESIONAL'),(438,'8542','EDUCACIÓN TECNOLÓGICA'),(439,'8543','EDUCACIÓN DE INSTITUCIONES UNIVERSITARIAS O DE ESCUELAS TECNOLÓGICAS'),(440,'8544','EDUCACIÓN DE UNIVERSIDADES'),(441,'8551','FORMACIÓN ACADÉMICA NO FORMAL '),(442,'8552','ENSEÑANZA DEPORTIVA Y RECREATIVA'),(443,'8553','ENSEÑANZA CULTURAL'),(444,'8559','OTROS TIPOS DE EDUCACIÓN N.C.P.'),(445,'8560','ACTIVIDADES DE APOYO A LA EDUCACIÓN'),(446,'8610','ACTIVIDADES DE HOSPITALES Y CLÍNICAS, CON INTERNACIÓN'),(447,'8621','ACTIVIDADES DE LA PRÁCTICA MÉDICA, SIN INTERNACIÓN'),(448,'8622','ACTIVIDADES DE LA PRÁCTICA ODONTOLÓGICA'),(449,'8691','ACTIVIDADES DE APOYO DIAGNÓSTICO'),(450,'8692','ACTIVIDADES DE APOYO TERAPÉUTICO'),(451,'8699','OTRAS ACTIVIDADES DE ATENCIÓN DE LA SALUD HUMANA'),(452,'8710','ACTIVIDADES DE ATENCIÓN RESIDENCIAL MEDICALIZADA DE TIPO GENERAL'),(453,'8720','ACTIVIDADES DE ATENCIÓN RESIDENCIAL, PARA EL CUIDADO DE PACIENTES CON RETARDO MENTAL, ENFERMEDAD MENTAL Y CONSUMO DE SUSTANCIAS PSICOACTIVAS'),(454,'8730','ACTIVIDADES DE ATENCIÓN EN INSTITUCIONES PARA EL CUIDADO DE PERSONAS MAYORES Y/O DISCAPACITADAS'),(455,'8790','OTRAS ACTIVIDADES DE ATENCIÓN EN INSTITUCIONES CON ALOJAMIENTO'),(456,'8810','ACTIVIDADES DE ASISTENCIA SOCIAL SIN ALOJAMIENTO PARA PERSONAS MAYORES Y DISCAPACITADAS'),(457,'8890','OTRAS ACTIVIDADES DE ASISTENCIA SOCIAL SIN ALOJAMIENTO'),(458,'9001','CREACIÓN LITERARIA'),(459,'9002','CREACIÓN MUSICAL'),(460,'9003','CREACIÓN TEATRAL'),(461,'9004','CREACIÓN AUDIOVISUAL'),(462,'9005','ARTES PLÁSTICAS Y VISUALES'),(463,'9006','ACTIVIDADES TEATRALES'),(464,'9007','ACTIVIDADES DE ESPECTÁCULOS MUSICALES EN VIVO'),(465,'9008','OTRAS ACTIVIDADES DE ESPECTÁCULOS EN VIVO'),(466,'9101','ACTIVIDADES DE BIBLIOTECAS Y ARCHIVOS'),(467,'9102','ACTIVIDADES Y FUNCIONAMIENTO DE MUSEOS, CONSERVACIÓN DE EDIFICIOS Y SITIOS HISTÓRICOS'),(468,'9103','ACTIVIDADES DE JARDINES BOTÁNICOS, ZOOLÓGICOS Y RESERVAS NATURALES'),(469,'9200','ACTIVIDADES DE JUEGOS DE AZAR Y APUESTAS'),(470,'9311','GESTIÓN DE INSTALACIONES DEPORTIVAS'),(471,'9312','ACTIVIDADES DE CLUBES DEPORTIVOS'),(472,'9319','OTRAS ACTIVIDADES DEPORTIVAS'),(473,'9321','ACTIVIDADES DE PARQUES DE ATRACCIONES Y PARQUES TEMÁTICOS'),(474,'9329','OTRAS ACTIVIDADES RECREATIVAS Y DE ESPARCIMIENTO N.C.P.'),(475,'9411','ACTIVIDADES DE ASOCIACIONES EMPRESARIALES Y DE EMPLEADORES'),(476,'9412','ACTIVIDADES DE ASOCIACIONES PROFESIONALES'),(477,'9420','ACTIVIDADES DE SINDICATOS DE EMPLEADOS'),(478,'9491','ACTIVIDADES DE ASOCIACIONES RELIGIOSAS'),(479,'9492','ACTIVIDADES DE ASOCIACIONES POLÍTICAS'),(480,'9499','ACTIVIDADES DE OTRAS ASOCIACIONES N.C.P.'),(481,'9511','MANTENIMIENTO Y REPARACIÓN DE COMPUTADORES Y DE EQUIPO PERIFÉRICO'),(482,'9512','MANTENIMIENTO Y REPARACIÓN DE EQUIPOS DE COMUNICACIÓN'),(483,'9521','MANTENIMIENTO Y REPARACIÓN DE APARATOS ELECTRÓNICOS DE CONSUMO'),(484,'9522','MANTENIMIENTO Y REPARACIÓN DE APARATOS Y EQUIPOS DOMÉSTICOS Y DE JARDINERÍA '),(485,'9523','REPARACIÓN DE CALZADO Y ARTÍCULOS DE CUERO'),(486,'9524','REPARACIÓN DE MUEBLES Y ACCESORIOS PARA EL HOGAR'),(487,'9529','MANTENIMIENTO Y REPARACIÓN DE OTROS EFECTOS PERSONALES Y ENSERES DOMÉSTICOS'),(488,'9601','LAVADO Y LIMPIEZA, INCLUSO LA LIMPIEZA EN SECO, DE PRODUCTOS TEXTILES Y DE PIEL'),(489,'9602','PELUQUERÍA Y OTROS TRATAMIENTOS DE BELLEZA'),(490,'9603','POMPAS FÚNEBRES Y ACTIVIDADES RELACIONADAS'),(491,'9609','OTRAS ACTIVIDADES DE SERVICIOS PERSONALES N.C.P.'),(492,'9700','ACTIVIDADES DE LOS HOGARES INDIVIDUALES COMO EMPLEADORES DE PERSONAL DOMÉSTICO'),(493,'9810','ACTIVIDADES NO DIFERENCIADAS DE LOS HOGARES INDIVIDUALES COMO PRODUCTORES DE BIENES PARA USO PROPIO'),(494,'9820','ACTIVIDADES NO DIFERENCIADAS DE LOS HOGARES INDIVIDUALES COMO PRODUCTORES DE SERVICIOS PARA USO PROPIO'),(495,'9900','ACTIVIDADES DE ORGANIZACIONES Y ENTIDADES EXTRATERRITORIALES');
/*!40000 ALTER TABLE `seg_actividades_economicas` ENABLE KEYS */;
UNLOCK TABLES;

--
-- Table structure for table `seg_caracter_empresa`
--

DROP TABLE IF EXISTS `seg_caracter_empresa`;
/*!40101 SET @saved_cs_client     = @@character_set_client */;
/*!40101 SET character_set_client = utf8 */;
CREATE TABLE `seg_caracter_empresa` (
  `id_caracter` smallint(1) NOT NULL AUTO_INCREMENT,
  `caracter` varchar(15) DEFAULT NULL,
  PRIMARY KEY (`id_caracter`)
) ENGINE=InnoDB DEFAULT CHARSET=utf8;
/*!40101 SET character_set_client = @saved_cs_client */;

--
-- Dumping data for table `seg_caracter_empresa`
--

LOCK TABLES `seg_caracter_empresa` WRITE;
/*!40000 ALTER TABLE `seg_caracter_empresa` DISABLE KEYS */;
/*!40000 ALTER TABLE `seg_caracter_empresa` ENABLE KEYS */;
UNLOCK TABLES;

--
-- Table structure for table `seg_contratos`
--

DROP TABLE IF EXISTS `seg_contratos`;
/*!40101 SET @saved_cs_client     = @@character_set_client */;
/*!40101 SET character_set_client = utf8 */;
CREATE TABLE `seg_contratos` (
  `id_c` int(11) NOT NULL AUTO_INCREMENT,
  `id_contrato` int(11) DEFAULT NULL,
  `id_compra` int(11) DEFAULT NULL,
  `nit_empresa` char(12) COLLATE utf8_bin DEFAULT NULL,
  `id_tercero` int(11) DEFAULT NULL,
  `ruta_contrato` varchar(100) COLLATE utf8_bin DEFAULT NULL,
  `nombre_contrato` varchar(100) COLLATE utf8_bin DEFAULT NULL,
  `estado` smallint(1) DEFAULT '1',
  `id_user_reg` int(11) DEFAULT NULL,
  `tipo_user_reg` char(6) COLLATE utf8_bin DEFAULT NULL,
  `fec_reg` timestamp NULL DEFAULT NULL,
  `id_user_act` int(11) DEFAULT NULL,
  `tipo_user_act` char(6) COLLATE utf8_bin DEFAULT NULL,
  `fec_act` timestamp NULL DEFAULT NULL,
  PRIMARY KEY (`id_c`),
  KEY `id_tercero` (`id_tercero`),
  CONSTRAINT `seg_contratos_ibfk_1` FOREIGN KEY (`id_tercero`) REFERENCES `seg_terceros` (`id_tercero`)
) ENGINE=InnoDB AUTO_INCREMENT=21 DEFAULT CHARSET=utf8 COLLATE=utf8_bin;
/*!40101 SET character_set_client = @saved_cs_client */;

--
-- Dumping data for table `seg_contratos`
--

LOCK TABLES `seg_contratos` WRITE;
/*!40000 ALTER TABLE `seg_contratos` DISABLE KEYS */;
INSERT INTO `seg_contratos` VALUES (14,8,13,'901045775',1,'../../uploads/terceros/contratos/1/','cce_20220203150547_contrato.pdf',2,1,'user','2022-02-03 15:05:47',1,'user','2022-03-23 15:29:51'),(15,9,14,'901045775',1,'../../uploads/terceros/contratos/1/','cce_20220216154819_contrato_16022022.pdf',2,1,'user','2022-02-16 15:48:19',1,'user','2022-03-23 15:36:21'),(16,10,15,'901045775',1,'../../uploads/terceros/contratos/1/','cce_20220224205503_CC-12.pdf',2,1,'user','2022-02-24 20:55:03',1,'otro','2022-02-26 17:21:34'),(17,11,16,'901402281',1,'../../uploads/terceros/contratos/1/','cce_20220225170834_contrato (2).pdf',2,1,'user','2022-02-25 17:08:34',1,'otro','2022-02-25 17:14:54'),(18,12,17,'901045775',22,'../../uploads/terceros/contratos/22/','cce_20220331162625_contrato_computo.pdf',2,1,'user','2022-03-31 16:26:25',1,'user','2022-04-07 20:52:05'),(19,13,18,'901045775',1,'../../uploads/terceros/contratos/1/','cce_20220419170114_grado_general_pregrado40571 (1).pdf',1,1,'user','2022-04-19 17:01:14',NULL,NULL,NULL),(20,15,20,'901045775',1,'../../uploads/terceros/contratos/1/','cce_20220422162350_Doc Apr 04 2022.pdf',1,1,'user','2022-04-22 16:23:50',NULL,NULL,NULL);
/*!40000 ALTER TABLE `seg_contratos` ENABLE KEYS */;
UNLOCK TABLES;

--
-- Table structure for table `seg_contratos_enviados`
--

DROP TABLE IF EXISTS `seg_contratos_enviados`;
/*!40101 SET @saved_cs_client     = @@character_set_client */;
/*!40101 SET character_set_client = utf8 */;
CREATE TABLE `seg_contratos_enviados` (
  `id_c_env` int(11) NOT NULL AUTO_INCREMENT,
  `id_c_rec` int(11) DEFAULT NULL,
  `ruta_contrato` varchar(100) COLLATE utf8_bin DEFAULT NULL,
  `nombre_contrato` varchar(100) COLLATE utf8_bin DEFAULT NULL,
  `estado` smallint(1) DEFAULT '1',
  `id_user_reg` int(11) DEFAULT NULL,
  `tipo_user_reg` char(6) COLLATE utf8_bin DEFAULT NULL,
  `fec_reg` timestamp NULL DEFAULT NULL,
  `id_user_act` int(11) DEFAULT NULL,
  `tipo_user_act` char(6) COLLATE utf8_bin DEFAULT NULL,
  `fec_act` timestamp NULL DEFAULT NULL,
  PRIMARY KEY (`id_c_env`),
  UNIQUE KEY `id_c_rec` (`id_c_rec`),
  CONSTRAINT `seg_contratos_enviados_ibfk_1` FOREIGN KEY (`id_c_rec`) REFERENCES `seg_contratos` (`id_c`) ON DELETE CASCADE ON UPDATE CASCADE
) ENGINE=InnoDB AUTO_INCREMENT=15 DEFAULT CHARSET=utf8 COLLATE=utf8_bin;
/*!40101 SET character_set_client = @saved_cs_client */;

--
-- Dumping data for table `seg_contratos_enviados`
--

LOCK TABLES `seg_contratos_enviados` WRITE;
/*!40000 ALTER TABLE `seg_contratos_enviados` DISABLE KEYS */;
INSERT INTO `seg_contratos_enviados` VALUES (10,14,'../../uploads/terceros/contratos/1/','ccd_20220203151330_CC-8.pdf',1,1,'otro','2022-02-03 15:13:30',NULL,NULL,NULL),(11,15,'../../uploads/terceros/contratos/1/','ccd_20220217142601_CC-9.pdf',1,1,'otro','2022-02-17 14:26:01',NULL,NULL,NULL),(12,16,'../../uploads/terceros/contratos/1/','ccd_20220224205629_CC-10.pdf',1,1,'otro','2022-02-24 20:56:29',NULL,NULL,NULL),(13,17,'../../uploads/terceros/contratos/1/','ccd_20220225170938_CC-11.pdf',1,1,'otro','2022-02-25 17:09:38',NULL,NULL,NULL),(14,18,'../../uploads/terceros/contratos/22/','ccd_20220331163039_CC-12.pdf',1,22,'otro','2022-03-31 16:30:39',NULL,NULL,NULL);
/*!40000 ALTER TABLE `seg_contratos_enviados` ENABLE KEYS */;
UNLOCK TABLES;

--
-- Table structure for table `seg_cotiza_tercero`
--

DROP TABLE IF EXISTS `seg_cotiza_tercero`;
/*!40101 SET @saved_cs_client     = @@character_set_client */;
/*!40101 SET character_set_client = utf8 */;
CREATE TABLE `seg_cotiza_tercero` (
  `id_cot_ter` int(11) NOT NULL AUTO_INCREMENT,
  `id_tercero` int(11) DEFAULT NULL,
  `nit` char(12) DEFAULT NULL,
  `id_cot` int(11) DEFAULT NULL,
  `objeto` varchar(2000) DEFAULT NULL,
  `estado` char(1) DEFAULT NULL,
  `fec_reg` timestamp NULL DEFAULT NULL,
  `fec_act` timestamp NULL DEFAULT NULL,
  PRIMARY KEY (`id_cot_ter`),
  KEY `id_tercero` (`id_tercero`),
  CONSTRAINT `seg_cotiza_tercero_ibfk_1` FOREIGN KEY (`id_tercero`) REFERENCES `seg_terceros` (`id_tercero`) ON DELETE CASCADE ON UPDATE CASCADE
) ENGINE=InnoDB AUTO_INCREMENT=77 DEFAULT CHARSET=utf8;
/*!40101 SET character_set_client = @saved_cs_client */;

--
-- Dumping data for table `seg_cotiza_tercero`
--

LOCK TABLES `seg_cotiza_tercero` WRITE;
/*!40000 ALTER TABLE `seg_cotiza_tercero` DISABLE KEYS */;
INSERT INTO `seg_cotiza_tercero` VALUES (55,3,'901045775',13,'ADQUISICION DE ELELEMENTOS DE OFICINAS','2','2022-02-03 14:53:54','2022-02-03 14:54:56'),(56,1,'901045775',13,'ADQUISICION DE ELELEMENTOS DE OFICINAS','2','2022-02-03 14:53:54','2022-02-03 14:56:31'),(57,1,'901045775',14,'ADQUISICION DE MEDICAMENTOS','2','2022-02-15 20:19:58','2022-02-15 20:20:48'),(60,1,'901045775',15,'ADQUISICION DE INSUMOS MEDICOS','2','2022-02-24 20:52:02','2022-02-24 20:52:44'),(61,3,'901402281',16,'ADQUISICION DE INSUMOS MEDICOS','1','2022-02-25 16:50:47',NULL),(62,1,'901402281',16,'ADQUISICION DE INSUMOS MEDICOS','2','2022-02-25 16:50:47','2022-02-25 17:00:33'),(63,1,'901045775',17,'ADQUISICIÓN DE EQUIPOS DE COMPUTO PARA UN AREA DETERMINADA ','2','2022-03-31 16:16:23','2022-03-31 16:18:28'),(64,22,'901045775',17,'ADQUISICIÓN DE EQUIPOS DE COMPUTO PARA UN AREA DETERMINADA ','2','2022-03-31 16:16:23','2022-03-31 16:17:27'),(65,3,'901045775',18,'ADQUISICION DE MEDICAMENTOS','1','2022-04-19 16:55:26',NULL),(66,1,'901045775',18,'ADQUISICION DE MEDICAMENTOS','2','2022-04-19 16:55:26','2022-04-19 16:56:39'),(67,3,'901045775',19,'ADQUISICION DE ELELEMENTOS DE OFICINAS','1','2022-04-19 19:36:22',NULL),(68,1,'901045775',19,'ADQUISICION DE ELELEMENTOS DE OFICINAS','2','2022-04-19 19:36:22','2022-04-19 19:39:59'),(69,22,'901045775',19,'ADQUISICION DE ELELEMENTOS DE OFICINAS','1','2022-04-19 19:36:22',NULL),(70,3,'901045775',20,'ADQUISICION DE MEDICAMENTOS','1','2022-04-22 16:17:15',NULL),(71,1,'901045775',20,'ADQUISICION DE MEDICAMENTOS','2','2022-04-22 16:17:15','2022-04-22 16:18:04'),(74,3,'901045775',21,'ADQUISICION DE MEDICAMENTOS','1','2022-05-03 19:49:07',NULL),(75,1,'901045775',21,'ADQUISICION DE MEDICAMENTOS','2','2022-05-03 19:49:07','2022-05-03 19:49:36'),(76,22,'901045775',21,'ADQUISICION DE MEDICAMENTOS','1','2022-05-03 19:49:07',NULL);
/*!40000 ALTER TABLE `seg_cotiza_tercero` ENABLE KEYS */;
UNLOCK TABLES;

--
-- Table structure for table `seg_cotizaciones`
--

DROP TABLE IF EXISTS `seg_cotizaciones`;
/*!40101 SET @saved_cs_client     = @@character_set_client */;
/*!40101 SET character_set_client = utf8 */;
CREATE TABLE `seg_cotizaciones` (
  `id_cot` int(11) unsigned NOT NULL AUTO_INCREMENT,
  `id_cot_empresa` int(11) DEFAULT NULL,
  `nit_empresa` char(12) DEFAULT NULL,
  `id_producto` int(11) DEFAULT NULL,
  `id_bn_sv` int(11) DEFAULT NULL,
  `bien_servicio` varchar(200) DEFAULT NULL,
  `cantidad` smallint(6) DEFAULT NULL,
  `val_estimado_unid` decimal(15,2) DEFAULT NULL,
  `fec_reg` timestamp NULL DEFAULT NULL,
  PRIMARY KEY (`id_cot`)
) ENGINE=InnoDB AUTO_INCREMENT=166 DEFAULT CHARSET=utf8;
/*!40101 SET character_set_client = @saved_cs_client */;

--
-- Dumping data for table `seg_cotizaciones`
--

LOCK TABLES `seg_cotizaciones` WRITE;
/*!40000 ALTER TABLE `seg_cotizaciones` DISABLE KEYS */;
INSERT INTO `seg_cotizaciones` VALUES (128,13,'901045775',85,3,'BOLÍGRAFO',100,470.00,'2022-02-03 14:53:54'),(129,13,'901045775',86,63,'BORRADOR',100,180.00,'2022-02-03 14:53:54'),(130,13,'901045775',87,61,'CARPETA',200,210.00,'2022-02-03 14:53:54'),(131,13,'901045775',88,69,'GRAPAS',20,650.00,'2022-02-03 14:53:54'),(132,13,'901045775',89,64,'MEMO',50,1000.00,'2022-02-03 14:53:54'),(133,13,'901045775',90,2,'RESMA DE PAPEL',12,11500.00,'2022-02-03 14:53:54'),(134,13,'901045775',91,62,'TIJERAS',50,1300.00,'2022-02-03 14:53:54'),(135,14,'901045775',92,1,'ACETAMINOFEN',100,0.00,'2022-02-15 20:19:58'),(136,14,'901045775',93,7,'DEXAMETAZONA',100,0.00,'2022-02-15 20:19:58'),(137,14,'901045775',94,4,'IBUPROFENO',100,0.00,'2022-02-15 20:19:58'),(139,15,'901045775',95,67,'ALGO',12,0.00,'2022-02-24 20:52:02'),(140,16,'901402281',96,67,'ALGO',22,0.00,'2022-02-25 16:50:47'),(141,17,'901045775',97,76,'ALTAVOCES ',2,0.00,'2022-03-31 16:16:23'),(142,17,'901045775',98,72,'COMPUTADOR DE MESA',2,0.00,'2022-03-31 16:16:23'),(143,17,'901045775',99,75,'MOUESE',3,0.00,'2022-03-31 16:16:23'),(144,17,'901045775',100,74,'MOUSE INALAMBRICO',4,0.00,'2022-03-31 16:16:23'),(145,17,'901045775',101,71,'PORTATIL ACER',1,0.00,'2022-03-31 16:16:23'),(146,18,'901045775',102,1,'ACETAMINOFEN',100,0.00,'2022-04-19 16:55:26'),(147,18,'901045775',103,7,'DEXAMETAZONA',100,0.00,'2022-04-19 16:55:26'),(148,18,'901045775',104,4,'IBUPROFENO',100,0.00,'2022-04-19 16:55:26'),(149,19,'901045775',105,3,'BOLÍGRAFO',10,0.00,'2022-04-19 19:36:22'),(150,19,'901045775',106,63,'BORRADOR',10,0.00,'2022-04-19 19:36:22'),(151,19,'901045775',107,68,'BORRADORES',10,0.00,'2022-04-19 19:36:22'),(152,19,'901045775',108,61,'CARPETA',10,0.00,'2022-04-19 19:36:22'),(153,19,'901045775',109,69,'GRAPAS',10,0.00,'2022-04-19 19:36:22'),(154,19,'901045775',110,64,'MEMO',10,0.00,'2022-04-19 19:36:22'),(155,19,'901045775',111,2,'RESMA DE PAPEL',10,0.00,'2022-04-19 19:36:22'),(156,19,'901045775',112,62,'TIJERAS',10,0.00,'2022-04-19 19:36:22'),(157,20,'901045775',113,1,'ACETAMINOFEN',100,0.00,'2022-04-22 16:17:15'),(158,20,'901045775',114,7,'DEXAMETAZONA',100,0.00,'2022-04-22 16:17:15'),(159,20,'901045775',115,4,'IBUPROFENO',100,0.00,'2022-04-22 16:17:15'),(163,21,'901045775',116,1,'ACETAMINOFEN',100,0.00,'2022-05-03 19:49:07'),(164,21,'901045775',117,7,'DEXAMETAZONA',100,0.00,'2022-05-03 19:49:07'),(165,21,'901045775',118,4,'IBUPROFENO',100,0.00,'2022-05-03 19:49:07');
/*!40000 ALTER TABLE `seg_cotizaciones` ENABLE KEYS */;
UNLOCK TABLES;

--
-- Table structure for table `seg_departamento`
--

DROP TABLE IF EXISTS `seg_departamento`;
/*!40101 SET @saved_cs_client     = @@character_set_client */;
/*!40101 SET character_set_client = utf8 */;
CREATE TABLE `seg_departamento` (
  `id_dpto` int(11) NOT NULL,
  `id_pais` int(11) DEFAULT NULL,
  `codigo_dpto` char(3) DEFAULT NULL,
  `nombre_dpto` varchar(30) DEFAULT NULL,
  PRIMARY KEY (`id_dpto`),
  KEY `FK_IDPAIS` (`id_pais`),
  CONSTRAINT `FK_IDPAIS` FOREIGN KEY (`id_pais`) REFERENCES `seg_pais` (`id_pais`)
) ENGINE=InnoDB DEFAULT CHARSET=utf8;
/*!40101 SET character_set_client = @saved_cs_client */;

--
-- Dumping data for table `seg_departamento`
--

LOCK TABLES `seg_departamento` WRITE;
/*!40000 ALTER TABLE `seg_departamento` DISABLE KEYS */;
INSERT INTO `seg_departamento` VALUES (0,1,'00','NINGUNO'),(1,1,'05','ANTIOQUIA'),(2,1,'08','ATLANTICO'),(3,1,'11','SANTAFE DE BOGOTA'),(4,1,'13','BOLIVAR'),(5,1,'15','BOYACA'),(6,1,'17','CALDAS'),(7,1,'18','CAQUETA'),(8,1,'19','CAUCA'),(9,1,'20','CESAR'),(10,1,'23','CORDOBA'),(11,1,'25','CUNDINAMARCA'),(12,1,'27','CHOCO'),(13,1,'41','HUILA'),(14,1,'44','GUAJIRA'),(15,1,'47','MAGDALENA'),(16,1,'50','META'),(17,1,'52','NARIÑO'),(18,1,'54','NORTE DE SANTANDER'),(19,1,'63','QUINDIO'),(20,1,'66','RISARALDA'),(21,1,'68','SANTANDER'),(22,1,'70','SUCRE'),(23,1,'73','TOLIMA'),(24,1,'76','VALLE'),(25,1,'81','ARAUCA'),(26,1,'85','CASANARE'),(27,1,'86','PUTUMAYO'),(28,1,'88','SAN ANDRES'),(29,1,'91','AMAZONAS'),(30,1,'94','GUAINIA'),(31,1,'95','GUAVIARE'),(32,1,'97','VAUPES'),(33,1,'99','VICHADA');
/*!40000 ALTER TABLE `seg_departamento` ENABLE KEYS */;
UNLOCK TABLES;

--
-- Table structure for table `seg_docs_contrato`
--

DROP TABLE IF EXISTS `seg_docs_contrato`;
/*!40101 SET @saved_cs_client     = @@character_set_client */;
/*!40101 SET character_set_client = utf8 */;
CREATE TABLE `seg_docs_contrato` (
  `id_doc_c` int(11) NOT NULL AUTO_INCREMENT,
  `id_c_env` int(11) DEFAULT NULL,
  `id_tipo_doc` int(11) DEFAULT NULL,
  `otro_tipo` varchar(70) DEFAULT '',
  `ruta_doc_c` varchar(150) DEFAULT NULL,
  `nom_doc_c` varbinary(150) DEFAULT NULL,
  `estado` smallint(1) DEFAULT '1',
  `id_user_reg` int(11) DEFAULT NULL,
  `tipo_user_reg` char(5) DEFAULT NULL,
  `fec_reg` timestamp NULL DEFAULT NULL,
  `id_user_act` int(11) DEFAULT NULL,
  `tipo_user_act` char(5) DEFAULT NULL,
  `fec_act` timestamp NULL DEFAULT NULL,
  PRIMARY KEY (`id_doc_c`),
  KEY `id_c_env` (`id_c_env`),
  KEY `id_tipo_doc` (`id_tipo_doc`),
  CONSTRAINT `seg_docs_contrato_ibfk_1` FOREIGN KEY (`id_c_env`) REFERENCES `seg_contratos_enviados` (`id_c_env`) ON DELETE CASCADE ON UPDATE CASCADE,
  CONSTRAINT `seg_docs_contrato_ibfk_2` FOREIGN KEY (`id_tipo_doc`) REFERENCES `seg_tipo_doc_soporte` (`id_doc_sop`)
) ENGINE=InnoDB AUTO_INCREMENT=31 DEFAULT CHARSET=utf8mb4;
/*!40101 SET character_set_client = @saved_cs_client */;

--
-- Dumping data for table `seg_docs_contrato`
--

LOCK TABLES `seg_docs_contrato` WRITE;
/*!40000 ALTER TABLE `seg_docs_contrato` DISABLE KEYS */;
INSERT INTO `seg_docs_contrato` VALUES (11,10,2,'','../../uploads/terceros/docs/1/','2_20220217215126_poliza.pdf',2,1,'otro','2022-02-03 15:13:53',20,'otro','2022-02-17 21:52:06'),(12,10,99,'DOCUMENTO','../../uploads/terceros/docs/1/','99_20220203190921_otro doc.pdf',2,1,'otro','2022-02-03 17:20:29',20,'otro','2022-02-17 21:30:59'),(13,10,99,'FFF','../../uploads/terceros/docs/1/','99_20220223193856_hhh.pdf',3,1,'otro','2022-02-07 15:18:46',20,'otro','2022-02-26 17:20:21'),(16,10,98,'','../../uploads/terceros/docs/20/','98_20220218144025_acta designacion supervisor.pdf',1,20,'otro','2022-02-18 14:40:25',NULL,NULL,NULL),(28,11,98,'','../../uploads/terceros/docs/21/','98_20220218205746_acta designacion supervisor.pdf',1,21,'otro','2022-02-18 20:57:46',NULL,NULL,NULL),(29,14,98,'','../../uploads/terceros/docs/20/','98_20220331164251_supervisor.pdf',1,20,'otro','2022-03-31 16:42:51',NULL,NULL,NULL),(30,12,98,'','../../uploads/terceros/docs/12/','98_20220503133209_Tu pasabordo - 2022-04-29T160625.520 (1).pdf',1,12,'otro','2022-05-03 13:32:09',NULL,NULL,NULL);
/*!40000 ALTER TABLE `seg_docs_contrato` ENABLE KEYS */;
UNLOCK TABLES;

--
-- Table structure for table `seg_docs_tercero`
--

DROP TABLE IF EXISTS `seg_docs_tercero`;
/*!40101 SET @saved_cs_client     = @@character_set_client */;
/*!40101 SET character_set_client = utf8 */;
CREATE TABLE `seg_docs_tercero` (
  `id_docster` int(11) NOT NULL AUTO_INCREMENT,
  `id_tercero` int(11) DEFAULT NULL,
  `id_tipo_doc` int(11) DEFAULT NULL,
  `fec_inicio` date DEFAULT NULL,
  `fec_vig` date DEFAULT NULL,
  `ruta_doc` varchar(100) COLLATE utf8_bin DEFAULT NULL,
  `nombre_doc` varchar(100) COLLATE utf8_bin DEFAULT NULL,
  `id_user_reg` int(11) DEFAULT NULL,
  `tipo_user_reg` char(6) COLLATE utf8_bin DEFAULT NULL,
  `fec_reg` timestamp NULL DEFAULT NULL,
  `id_user_act` int(11) DEFAULT NULL,
  `tipo_user_act` char(6) COLLATE utf8_bin DEFAULT NULL,
  `fec_act` timestamp NULL DEFAULT NULL,
  PRIMARY KEY (`id_docster`),
  KEY `ID_TERCERODOCS` (`id_tercero`),
  KEY `ID_TIPODOCS` (`id_tipo_doc`),
  CONSTRAINT `ID_TERCERODOCS` FOREIGN KEY (`id_tercero`) REFERENCES `seg_terceros` (`id_tercero`),
  CONSTRAINT `ID_TIPODOCS` FOREIGN KEY (`id_tipo_doc`) REFERENCES `seg_tipo_docs_tercero` (`id_doc`)
) ENGINE=InnoDB AUTO_INCREMENT=45 DEFAULT CHARSET=utf8 COLLATE=utf8_bin;
/*!40101 SET character_set_client = @saved_cs_client */;

--
-- Dumping data for table `seg_docs_tercero`
--

LOCK TABLES `seg_docs_tercero` WRITE;
/*!40000 ALTER TABLE `seg_docs_tercero` DISABLE KEYS */;
INSERT INTO `seg_docs_tercero` VALUES (37,1,1,'2021-10-01','2022-10-31','../../uploads/terceros/docs/1/','1_20211007163122_cedula.pdf',1,'otro','2021-10-07 16:31:22',1,'otro','2021-10-07 16:37:13'),(41,1,2,'2022-01-01','2022-01-31','../../uploads/terceros/docs/1/','2_20220118204448_rut.pdf',1,'otro','2022-01-18 20:44:48',NULL,NULL,NULL),(42,3,1,'2022-01-01','2022-01-27','../../uploads/terceros/docs/3/','1_20220126223304_cedula.pdf',3,'otro','2022-01-26 22:33:04',NULL,NULL,NULL),(43,12,1,'2022-04-19','2022-04-30','../../uploads/terceros/docs/12/','1_20220429134721_Invoice_74852689.PDF',12,'otro','2022-04-19 16:40:45',12,'otro','2022-04-29 13:47:21'),(44,12,2,'2022-04-01','2022-04-30','../../uploads/terceros/docs/12/','2_20220429134442_vacunasFizer.pdf',12,'otro','2022-04-29 13:44:42',NULL,NULL,NULL);
/*!40000 ALTER TABLE `seg_docs_tercero` ENABLE KEYS */;
UNLOCK TABLES;

--
-- Table structure for table `seg_empresas`
--

DROP TABLE IF EXISTS `seg_empresas`;
/*!40101 SET @saved_cs_client     = @@character_set_client */;
/*!40101 SET character_set_client = utf8 */;
CREATE TABLE `seg_empresas` (
  `id_empresa` smallint(6) NOT NULL AUTO_INCREMENT,
  `nit` varchar(12) DEFAULT NULL,
  `dig_ver` char(1) DEFAULT NULL,
  `correo` varchar(70) DEFAULT NULL,
  `telefono` char(15) DEFAULT NULL,
  `nombre` varchar(100) DEFAULT NULL,
  `id_pais` int(11) DEFAULT NULL,
  `id_dpto` int(11) DEFAULT NULL,
  `id_ciudad` int(11) DEFAULT NULL,
  `direccion` varchar(70) DEFAULT NULL,
  `estado` varchar(4) DEFAULT NULL,
  `fec_reg` timestamp NULL DEFAULT NULL,
  `fec_act` timestamp NULL DEFAULT NULL,
  PRIMARY KEY (`id_empresa`),
  UNIQUE KEY `nit` (`nit`),
  KEY `empresa_id` (`id_empresa`),
  KEY `id_empresa` (`id_empresa`),
  KEY `id_empresa_2` (`id_empresa`),
  KEY `id_empresa_3` (`id_empresa`),
  KEY `FK_IDPAISEMPRESA` (`id_pais`),
  KEY `FK_IDDPTOEMPRESA` (`id_dpto`),
  KEY `FK_IDCITYEMPRESA` (`id_ciudad`),
  CONSTRAINT `FK_IDCITYEMPRESA` FOREIGN KEY (`id_ciudad`) REFERENCES `seg_municipios` (`id_municipio`),
  CONSTRAINT `FK_IDDPTOEMPRESA` FOREIGN KEY (`id_dpto`) REFERENCES `seg_departamento` (`id_dpto`),
  CONSTRAINT `FK_IDPAISEMPRESA` FOREIGN KEY (`id_pais`) REFERENCES `seg_pais` (`id_pais`)
) ENGINE=InnoDB AUTO_INCREMENT=4 DEFAULT CHARSET=utf8;
/*!40101 SET character_set_client = @saved_cs_client */;

--
-- Dumping data for table `seg_empresas`
--

LOCK TABLES `seg_empresas` WRITE;
/*!40000 ALTER TABLE `seg_empresas` DISABLE KEYS */;
INSERT INTO `seg_empresas` VALUES (1,'901045775','1','facturaciongastrocenter1@gmail.com','7753589','IPS GASTROCENTER',1,17,759,'CLL 10 # 5 - 54 PLAZA CENTRO','1','2022-01-11 20:29:37',NULL),(2,'801045776','2','correoprueba@correo.com','7732223','ESE DE PRUEBA',1,17,759,'CRA 6 # 3 - 25','1','2022-01-12 16:53:34',NULL),(3,'901402281','1','correo@correo.com','7777777','EMPRESA DE PUREBA',1,17,759,'CRA 6 # 3 - 25','1','2022-02-25 16:49:39',NULL);
/*!40000 ALTER TABLE `seg_empresas` ENABLE KEYS */;
UNLOCK TABLES;

--
-- Table structure for table `seg_entrega_compra`
--

DROP TABLE IF EXISTS `seg_entrega_compra`;
/*!40101 SET @saved_cs_client     = @@character_set_client */;
/*!40101 SET character_set_client = utf8 */;
CREATE TABLE `seg_entrega_compra` (
  `id_entrega` int(11) NOT NULL AUTO_INCREMENT,
  `id_prod` int(11) DEFAULT NULL,
  `cantidad` int(11) DEFAULT NULL,
  `cant_inicial` int(11) DEFAULT NULL,
  `estado` smallint(1) DEFAULT '0',
  `id_user_reg` int(11) DEFAULT NULL,
  `tipo_user_reg` char(5) DEFAULT NULL,
  `fec_reg` timestamp NULL DEFAULT NULL,
  `id_user_act` int(11) DEFAULT NULL,
  `tipo_user_act` char(5) DEFAULT NULL,
  `fec_act` timestamp NULL DEFAULT NULL,
  PRIMARY KEY (`id_entrega`),
  KEY `id_prod` (`id_prod`),
  CONSTRAINT `seg_entrega_compra_ibfk_1` FOREIGN KEY (`id_prod`) REFERENCES `seg_valor_cotizacion` (`id_val_cot`) ON DELETE CASCADE ON UPDATE CASCADE
) ENGINE=InnoDB AUTO_INCREMENT=86 DEFAULT CHARSET=utf8;
/*!40101 SET character_set_client = @saved_cs_client */;

--
-- Dumping data for table `seg_entrega_compra`
--

LOCK TABLES `seg_entrega_compra` WRITE;
/*!40000 ALTER TABLE `seg_entrega_compra` DISABLE KEYS */;
INSERT INTO `seg_entrega_compra` VALUES (50,109,20,20,1,1,'otro','2022-03-02 16:42:01',1,'user','2022-03-07 21:31:21'),(51,108,10,10,1,1,'otro','2022-03-02 16:42:01',1,'user','2022-03-07 17:34:48'),(52,107,30,40,2,1,'otro','2022-03-02 16:42:01',1,'user','2022-03-07 21:14:41'),(53,106,10,10,1,1,'otro','2022-03-02 16:42:01',1,'user','2022-03-07 19:21:25'),(54,105,100,100,1,1,'otro','2022-03-02 16:42:01',1,'user','2022-03-07 19:18:44'),(55,104,45,50,2,1,'otro','2022-03-02 16:42:01',1,'user','2022-03-07 21:15:01'),(56,103,40,50,2,1,'otro','2022-03-02 16:42:01',1,'user','2022-03-07 19:13:37'),(57,109,30,30,1,1,'otro','2022-03-07 21:39:56',1,'user','2022-03-07 21:59:28'),(58,108,2,2,1,1,'otro','2022-03-07 21:39:56',1,'user','2022-03-07 21:53:27'),(59,107,10,20,2,1,'otro','2022-03-07 21:39:56',1,'user','2022-03-07 22:03:43'),(60,106,5,10,2,1,'otro','2022-03-07 21:39:56',1,'user','2022-03-07 22:06:23'),(61,105,90,100,2,1,'otro','2022-03-07 21:39:56',1,'user','2022-03-07 21:55:41'),(62,104,50,55,2,1,'otro','2022-03-07 21:39:56',1,'user','2022-03-07 22:01:22'),(63,103,30,60,2,1,'otro','2022-03-07 21:39:56',1,'user','2022-03-07 21:53:42'),(64,109,0,0,0,1,'otro','2022-03-07 22:08:23',NULL,NULL,NULL),(65,108,0,0,0,1,'otro','2022-03-07 22:08:23',NULL,NULL,NULL),(66,107,5,10,2,1,'otro','2022-03-07 22:08:23',1,'user','2022-03-07 22:20:17'),(67,106,5,5,1,1,'otro','2022-03-07 22:08:23',1,'user','2022-03-07 22:21:54'),(68,105,5,10,2,1,'otro','2022-03-07 22:08:23',1,'user','2022-03-07 22:14:07'),(69,104,5,5,1,1,'otro','2022-03-07 22:08:23',1,'user','2022-03-07 22:20:04'),(70,103,20,30,2,1,'otro','2022-03-07 22:08:23',1,'user','2022-03-07 22:12:36'),(71,109,0,0,0,1,'otro','2022-03-07 22:21:12',NULL,NULL,NULL),(72,108,0,0,0,1,'otro','2022-03-07 22:21:12',NULL,NULL,NULL),(73,107,2,5,2,1,'otro','2022-03-07 22:21:12',1,'user','2022-03-23 15:29:51'),(74,106,0,0,0,1,'otro','2022-03-07 22:21:12',NULL,NULL,NULL),(75,105,2,5,2,1,'otro','2022-03-07 22:21:12',1,'user','2022-03-11 15:22:48'),(76,104,0,0,0,1,'otro','2022-03-07 22:21:12',NULL,NULL,NULL),(77,103,10,10,1,1,'otro','2022-03-07 22:21:12',1,'user','2022-03-08 22:19:12'),(78,112,50,50,1,1,'otro','2022-03-23 15:32:14',1,'user','2022-03-23 15:35:40'),(79,111,20,50,2,1,'otro','2022-03-23 15:32:14',1,'user','2022-03-23 15:36:21'),(80,110,20,50,2,1,'otro','2022-03-23 15:32:14',1,'user','2022-03-23 15:33:39'),(81,119,1,1,1,22,'otro','2022-03-31 16:32:21',1,'user','2022-04-07 14:04:04'),(82,118,2,4,2,22,'otro','2022-03-31 16:32:21',1,'user','2022-04-07 20:52:05'),(83,117,3,3,1,22,'otro','2022-03-31 16:32:21',1,'user','2022-04-06 21:15:36'),(84,116,2,2,1,22,'otro','2022-03-31 16:32:21',1,'user','2022-04-06 21:08:07'),(85,115,2,2,1,22,'otro','2022-03-31 16:32:21',1,'user','2022-04-06 21:23:42');
/*!40000 ALTER TABLE `seg_entrega_compra` ENABLE KEYS */;
UNLOCK TABLES;

--
-- Table structure for table `seg_municipios`
--

DROP TABLE IF EXISTS `seg_municipios`;
/*!40101 SET @saved_cs_client     = @@character_set_client */;
/*!40101 SET character_set_client = utf8 */;
CREATE TABLE `seg_municipios` (
  `id_municipio` int(11) NOT NULL,
  `id_departamento` int(11) DEFAULT NULL,
  `codigo_municipio` char(3) DEFAULT NULL,
  `nom_municipio` varchar(40) DEFAULT NULL,
  PRIMARY KEY (`id_municipio`),
  KEY `FK_IDDPTO` (`id_departamento`),
  CONSTRAINT `FK_IDDPTO` FOREIGN KEY (`id_departamento`) REFERENCES `seg_departamento` (`id_dpto`)
) ENGINE=InnoDB DEFAULT CHARSET=utf8;
/*!40101 SET character_set_client = @saved_cs_client */;

--
-- Dumping data for table `seg_municipios`
--

LOCK TABLES `seg_municipios` WRITE;
/*!40000 ALTER TABLE `seg_municipios` DISABLE KEYS */;
INSERT INTO `seg_municipios` VALUES (0,0,'000','NINGUNO'),(1,1,'001','MEDELLIN'),(2,1,'002','ABEJORRAL'),(3,1,'004','ABRIAQUI'),(4,1,'021','ALEJANDRIA'),(5,1,'030','AMAGA'),(6,1,'031','AMALFI'),(7,1,'034','ANDES'),(8,1,'036','ANGELOPOLIS'),(9,1,'038','ANGOSTURA'),(10,1,'040','ANORI'),(11,1,'042','SANTAFE DE ANTIOQUIA'),(12,1,'044','ANZA'),(13,1,'045','APARTADO'),(14,1,'051','ARBOLETES'),(15,1,'055','ARGELIA'),(16,1,'059','ARMENIA'),(17,1,'079','BARBOSA'),(18,1,'086','BELMIRA'),(19,1,'088','BELLO'),(20,1,'091','BETANIA'),(21,1,'093','BETULIA'),(22,1,'101','CIUDAD BOLIVAR'),(23,1,'107','BRICEÑO'),(24,1,'113','BURITICA'),(25,1,'120','CACERES'),(26,1,'125','CAICEDO'),(27,1,'129','CALDAS'),(28,1,'134','CAMPAMENTO'),(29,1,'138','CAÑASGORDAS'),(30,1,'142','CARACOLI'),(31,1,'145','CARAMANTA'),(32,1,'147','CAREPA'),(33,1,'148','CARMEN DE VIBORAL'),(34,1,'150','CAROLINA'),(35,1,'154','CAUCASIA'),(36,1,'172','CHIGORODO'),(37,1,'190','CISNEROS'),(38,1,'197','COCORNA'),(39,1,'206','CONCEPCION'),(40,1,'209','CONCORDIA'),(41,1,'212','COPACABANA'),(42,1,'234','DABEIBA'),(43,1,'237','DON MATIAS'),(44,1,'240','EBEJICO'),(45,1,'250','EL BAGRE'),(46,1,'264','ENTRERRIOS'),(47,1,'266','ENVIGADO'),(48,1,'282','FREDONIA'),(49,1,'284','FRONTINO'),(50,1,'306','GIRALDO'),(51,1,'308','GIRARDOTA'),(52,1,'310','GOMEZ PLATA'),(53,1,'313','GRANADA'),(54,1,'315','GUADALUPE'),(55,1,'318','GUARNE'),(56,1,'321','GUATAPE'),(57,1,'347','HELICONIA'),(58,1,'353','HISPANIA'),(59,1,'360','ITAGUI'),(60,1,'361','ITUANGO'),(61,1,'364','JARDIN'),(62,1,'368','JERICO'),(63,1,'376','LA CEJA'),(64,1,'380','LA ESTRELLA'),(65,1,'390','LA PINTADA'),(66,1,'400','LA UNION'),(67,1,'411','LIBORINA'),(68,1,'425','MACEO'),(69,1,'440','MARINILLA'),(70,1,'467','MONTEBELLO'),(71,1,'475','MURINDO'),(72,1,'480','MUTATA'),(73,1,'483','NARIÑO'),(74,1,'490','NECOCLI'),(75,1,'495','NECHI'),(76,1,'501','OLAYA'),(77,1,'541','PEÑOL'),(78,1,'543','PEQUE'),(79,1,'576','PUEBLORRICO'),(80,1,'579','PUERTO BERRIO'),(81,1,'585','PUERTO NARE'),(82,1,'591','PUERTO TRIUNFO'),(83,1,'604','REMEDIOS'),(84,1,'607','RETIRO'),(85,1,'615','RIONEGRO'),(86,1,'628','SABANALARGA'),(87,1,'631','SABANETA'),(88,1,'642','SALGAR'),(89,1,'647','SAN ANDRES'),(90,1,'649','SAN CARLOS'),(91,1,'652','SAN FRANCISCO'),(92,1,'656','SAN JERONIMO'),(93,1,'658','SAN JOSE DE LA MONTAÑA'),(94,1,'659','SAN JUAN DE URABA'),(95,1,'660','SAN LUIS'),(96,1,'664','SAN PEDRO'),(97,1,'665','SAN PEDRO DE URABA'),(98,1,'667','SAN RAFAEL'),(99,1,'670','SAN ROQUE'),(100,1,'674','SAN VICENTE'),(101,1,'679','SANTA BARBARA'),(102,1,'686','SANTA.ROSA DE OSOS'),(103,1,'690','SANTO DOMINGO'),(104,1,'697','SANTUARIO'),(105,1,'736','SEGOVIA'),(106,1,'756','SONSON'),(107,1,'761','SOPETRAN'),(108,1,'789','TAMESIS'),(109,1,'790','TARAZA'),(110,1,'792','TARSO'),(111,1,'809','TITIRIBI'),(112,1,'819','TOLEDO'),(113,1,'837','TURBO'),(114,1,'842','URAMITA'),(115,1,'847','URRAO'),(116,1,'854','VALDIVIA'),(117,1,'856','VALPARAISO'),(118,1,'858','VEGACHI'),(119,1,'861','VENECIA'),(120,1,'873','VIGIA DEL FUERTE'),(121,1,'885','YALI'),(122,1,'887','YARUMAL'),(123,1,'890','YOLOMBO'),(124,1,'893','YONDO'),(125,1,'895','ZARAGOZA'),(126,2,'001','BARRANQUILLA'),(127,2,'078','BARANOA'),(128,2,'137','CAMPO DE LA CRUZ'),(129,2,'141','CANDELARIA'),(130,2,'296','GALAPA'),(131,2,'372','JUAN DE ACOSTA'),(132,2,'421','LURUACO'),(133,2,'433','MALAMBO'),(134,2,'436','MANATI'),(135,2,'520','PALMAR DE VARELA'),(136,2,'549','PIOJO'),(137,2,'558','POLONUEVO'),(138,2,'560','PONEDERA'),(139,2,'573','PUERTO COLOMBIA'),(140,2,'606','REPELON'),(141,2,'634','SABANAGRANDE'),(142,2,'638','SABANALARGA'),(143,2,'675','SANTA LUCIA'),(144,2,'685','SANTO TOMAS'),(145,2,'758','SOLEDAD'),(146,2,'770','SUAN'),(147,2,'832','TUBARA'),(148,2,'849','USIACURI'),(149,3,'001','USAQUEN'),(150,3,'002','CAPINERO'),(151,3,'003','SANTA FE '),(152,3,'004','SAN CRISTOBAL'),(153,3,'005','USME'),(154,3,'006','TUNJUELITO'),(155,3,'007','BOSA'),(156,3,'008','KENNEDY'),(157,3,'009','FONTIBON'),(158,3,'010','ENGATIVA'),(159,3,'011','SUBA'),(160,3,'012','BARRIOS UNIDOS'),(161,3,'013','TEUSAQUILLO'),(162,3,'014','MARTIRES'),(163,3,'015','ANTONIO NARIÑO'),(164,3,'016','PUENTE ARANDA'),(165,3,'017','CANDELARIA'),(166,3,'018','RAFAEL URIBE'),(167,3,'019','CIUDAD BOLIVAR'),(168,3,'020','SUMAPAZ'),(169,4,'001','CARTAGENA'),(170,4,'006','ACHI'),(171,4,'030','ALTOS DEL ROSARIO'),(172,4,'042','ARENAL'),(173,4,'052','ARJONA'),(174,4,'062','ARROYOHONDO'),(175,4,'074','BARRANCO DE LOBA'),(176,4,'140','CALAMAR'),(177,4,'160','CANTAGALLO'),(178,4,'188','CICUCO'),(179,4,'212','CORDOBA'),(180,4,'222','CLEMENCIA'),(181,4,'244','EL CARMEN DE BOLIVAR'),(182,4,'248','EL GUAMO'),(183,4,'268','EL PENON'),(184,4,'300','HATILLO DE LOBA'),(185,4,'430','MAGANGUE'),(186,4,'433','MAHATES'),(187,4,'440','MARGARITA'),(188,4,'442','MARIA LA BAJA'),(189,4,'458','MONTECRISTO'),(190,4,'468','MOMPOS'),(191,4,'473','MORALES'),(192,4,'549','PINILLOS'),(193,4,'580','REGIDOR'),(194,4,'600','RIO VIEJO'),(195,4,'620','SAN CRISTOBAL'),(196,4,'647','SAN ESTANISLAO'),(197,4,'650','SAN FERNANDO'),(198,4,'654','SAN JACINTO'),(199,4,'655','SAN JACINTO DEL CAUCA'),(200,4,'657','SAN JUAN NEPOMUCENO'),(201,4,'667','SAN MARTIN DE LOBA'),(202,4,'670','SAN PABLO'),(203,4,'673','SANTA CATALINA'),(204,4,'683','SANTA ROSA'),(205,4,'688','SANTA ROSA DEL SUR'),(206,4,'744','SIMITI'),(207,4,'760','SOPLAVIENTO'),(208,4,'780','TALAIGUA NUEVO'),(209,4,'810','TIQUISIO'),(210,4,'836','TURBACO'),(211,4,'838','TURBANA'),(212,4,'873','VILLANUEVA'),(213,4,'894','ZAMBRANO'),(214,5,'001','TUNJA'),(215,5,'022','ALMEIDA'),(216,5,'047','AQUITANIA'),(217,5,'051','ARCABUCO'),(218,5,'087','BELEN'),(219,5,'090','BERBEO'),(220,5,'092','BETEITIVA'),(221,5,'097','BOAVITA'),(222,5,'104','BOYACA'),(223,5,'106','BRICEÑO'),(224,5,'109','BUENAVISTA'),(225,5,'114','BUSBANZA'),(226,5,'131','CALDAS'),(227,5,'135','CAMPOHERMOSO'),(228,5,'162','CERINZA'),(229,5,'172','CHINAVITA'),(230,5,'176','CHIQUINQUIRA'),(231,5,'180','CHISCAS'),(232,5,'183','CHITA'),(233,5,'185','CHITARAQUE'),(234,5,'187','CHIVATA'),(235,5,'189','CIENEGA'),(236,5,'204','COMBITA'),(237,5,'212','COPER'),(238,5,'215','CORRALES'),(239,5,'218','COVARACHIA'),(240,5,'223','CUBARA'),(241,5,'224','CUCAITA'),(242,5,'226','CUITIVA'),(243,5,'232','CHIQUIZA'),(244,5,'236','CHIVOR'),(245,5,'238','DUITAMA'),(246,5,'244','EL COCUY'),(247,5,'248','EL ESPINO'),(248,5,'272','FIRAVITOBA'),(249,5,'276','FLORESTA'),(250,5,'293','GACHANTIVA'),(251,5,'296','GAMEZA'),(252,5,'299','GARAGOA'),(253,5,'317','GUACAMAYAS'),(254,5,'322','GUATEQUE'),(255,5,'325','GUAYATA'),(256,5,'332','GUICAN'),(257,5,'362','IZA'),(258,5,'367','JENESANO'),(259,5,'368','JERICO'),(260,5,'377','LABRANZAGRANDE'),(261,5,'380','LA CAPILLA'),(262,5,'401','LA VICTORIA'),(263,5,'403','LA UVITA'),(264,5,'407','VILLA DE LEYVA'),(265,5,'425','MACANAL'),(266,5,'442','MARIPI'),(267,5,'455','MIRAFLORES'),(268,5,'464','MONGUA'),(269,5,'466','MONGUI'),(270,5,'469','MONIQUIRA'),(271,5,'476','MOTAVITA'),(272,5,'480','MUZO'),(273,5,'491','NOBSA'),(274,5,'494','NUEVO COLON'),(275,5,'500','OICATA'),(276,5,'507','OTANCHE'),(277,5,'511','PACHAVITA'),(278,5,'514','PAEZ'),(279,5,'516','PAIPA'),(280,5,'518','PAJARITO'),(281,5,'522','PANQUEBA'),(282,5,'531','PAUNA'),(283,5,'533','PAYA'),(284,5,'537','PAZ DE RIO'),(285,5,'542','PESCA'),(286,5,'550','PISBA'),(287,5,'572','PUERTO BOYACA'),(288,5,'580','QUIPAMA'),(289,5,'599','RAMIRIQUI'),(290,5,'600','RAQUIRA'),(291,5,'621','RONDON'),(292,5,'632','SABOYA'),(293,5,'638','SACHICA'),(294,5,'646','SAMACA'),(295,5,'660','SAN EDUARDO'),(296,5,'664','SAN JOSE DE PARE'),(297,5,'667','SAN LUIS DE GACENO'),(298,5,'673','SAN MATEO'),(299,5,'676','SAN MIGUEL DE SEMA'),(300,5,'681','SAN PABLO BORBUR'),(301,5,'686','SANTANA'),(302,5,'690','SANTA MARIA'),(303,5,'693','SAN ROSA VITERBO'),(304,5,'696','SANTA SOFIA'),(305,5,'720','SATIVANORTE'),(306,5,'723','SATIVASUR'),(307,5,'740','SIACHOQUE'),(308,5,'753','SOATA'),(309,5,'755','SOCOTA'),(310,5,'757','SOCHA'),(311,5,'759','SOGAMOSO'),(312,5,'761','SOMONDOCO'),(313,5,'762','SORA'),(314,5,'763','SOTAQUIRA'),(315,5,'764','SORACA'),(316,5,'774','SUSACON'),(317,5,'776','SUTAMARCHAN'),(318,5,'778','SUTATENZA'),(319,5,'790','TASCO'),(320,5,'798','TENZA'),(321,5,'804','TIBANA'),(322,5,'806','TIBASOSA'),(323,5,'808','TINJACA'),(324,5,'810','TIPACOQUE'),(325,5,'814','TOCA'),(326,5,'816','TOGUI'),(327,5,'820','TOPAGA'),(328,5,'822','TOTA'),(329,5,'832','TUNUNGUA'),(330,5,'835','TURMEQUE'),(331,5,'837','TUTA'),(332,5,'839','TUTAZA'),(333,5,'842','UMBITA'),(334,5,'861','VENTAQUEMADA'),(335,5,'879','VIRACACHA'),(336,5,'897','ZETAQUIRA'),(337,6,'001','MANIZALES'),(338,6,'013','AGUADAS'),(339,6,'042','ANSERMA'),(340,6,'050','ARANZAZU'),(341,6,'088','BELALCAZAR'),(342,6,'174','CHINCHINA'),(343,6,'272','FILADELFIA'),(344,6,'380','LA DORADA'),(345,6,'388','LA MERCED'),(346,6,'433','MANZANARES'),(347,6,'442','MARMATO'),(348,6,'444','MARQUETALIA'),(349,6,'446','MARULANDA'),(350,6,'486','NEIRA'),(351,6,'495','NORCASIA'),(352,6,'513','PACORA'),(353,6,'524','PALESTINA'),(354,6,'541','PENSILVANIA'),(355,6,'614','RIOSUCIO'),(356,6,'616','RISARALDA'),(357,6,'653','SALAMINA'),(358,6,'662','SAMANA'),(359,6,'665','SAN JOSE'),(360,6,'777','SUPIA'),(361,6,'867','VICTORIA'),(362,6,'873','VILLAMARIA'),(363,6,'877','VITERBO'),(364,7,'001','FLORENCIA'),(365,7,'029','ALBANIA'),(366,7,'094','BELEN DE LOS ANDAQUIES'),(367,7,'150','CARTAGENA DEL CHAIRA'),(368,7,'205','CURRILLO'),(369,7,'247','EL DONCELLO'),(370,7,'256','EL PAUJIL'),(371,7,'410','LA MONTAÑITA'),(372,7,'460','MILAN'),(373,7,'479','MORELIA'),(374,7,'592','PUERTO RICO'),(375,7,'610','SAN JOSE DE LA FRAGUA'),(376,7,'753','SAN VICENTE DEL CAGÜAN'),(377,7,'756','SOLANO'),(378,7,'785','SOLITA'),(379,7,'860','VALPARAISO'),(380,8,'001','POPAYAN'),(381,8,'022','ALMAGUER'),(382,8,'050','ARGELIA'),(383,8,'075','BALBOA'),(384,8,'100','BOLIVAR'),(385,8,'110','BUENOS AIRES'),(386,8,'130','CAJIBIO'),(387,8,'137','CALDONO'),(388,8,'142','CALOTO'),(389,8,'212','CORINTO'),(390,8,'256','EL TAMBO'),(391,8,'290','FLORENCIA'),(392,8,'318','GUAPI'),(393,8,'355','INZA'),(394,8,'364','JAMBALO'),(395,8,'392','LA SIERRA'),(396,8,'397','LA VEGA'),(397,8,'418','LOPEZ'),(398,8,'450','MERCADERES'),(399,8,'455','MIRANDA'),(400,8,'473','MORALES'),(401,8,'513','PADILLA'),(402,8,'517','PAEZ'),(403,8,'532','PATIA'),(404,8,'533','PIAMONTE'),(405,8,'548','PIENDAMO'),(406,8,'573','PUERTO TEJADA'),(407,8,'585','PURACE'),(408,8,'622','ROSAS'),(409,8,'693','SAN SEBASTIAN'),(410,8,'698','SANTANDER DE QUILICHAO'),(411,8,'701','SANTA ROSA'),(412,8,'743','SILVIA'),(413,8,'760','SOTARA'),(414,8,'780','SUAREZ'),(415,8,'785','SUCRE'),(416,8,'807','TIMBIO'),(417,8,'809','TIMBIQUI'),(418,8,'821','TORIBIO'),(419,8,'824','TOTORO'),(420,8,'845','VILLA RICA'),(421,9,'001','VALLEDUPAR'),(422,9,'011','AGUACHICA'),(423,9,'013','AGUSTIN CODAZZI'),(424,9,'032','ASTREA'),(425,9,'045','BECERRIL'),(426,9,'060','BOSCONIA'),(427,9,'175','CHIMICHAGUA'),(428,9,'178','CHIRIGUANA'),(429,9,'228','CURUMANI'),(430,9,'238','EL COPEY'),(431,9,'250','EL PASO'),(432,9,'295','GAMARRA'),(433,9,'310','GONZALEZ'),(434,9,'383','LA GLORIA'),(435,9,'400','LA JAGUA DE IBIRICO'),(436,9,'443','MANAURE'),(437,9,'517','PAILITAS'),(438,9,'550','PELAYA'),(439,9,'570','PUEBLO BELLO'),(440,9,'614','RIO DE ORO'),(441,9,'621','LA PAZ'),(442,9,'710','SAN ALBERTO'),(443,9,'750','SAN DIEGO'),(444,9,'770','SAN MARTIN'),(445,9,'787','TAMALAMEQUE'),(446,10,'001','MONTERIA'),(447,10,'068','AYAPEL'),(448,10,'079','BUENAVISTA'),(449,10,'090','CANALETE'),(450,10,'162','CERETE'),(451,10,'168','CHIMA'),(452,10,'182','CHINU'),(453,10,'189','CIENAGA DE ORO'),(454,10,'300','COTORRA'),(455,10,'350','LA APARTADA'),(456,10,'417','LORICA'),(457,10,'419','LOS CORDOBAS'),(458,10,'464','MOMIL'),(459,10,'466','MONTELIBANO'),(460,10,'500','MOÑITOS'),(461,10,'555','PLANETA RICA'),(462,10,'570','PUEBLO NUEVO'),(463,10,'574','PUERTO ESCONDIDO'),(464,10,'580','PUERTO LIBERTADOR'),(465,10,'586','PURISIMA'),(466,10,'660','SAHAGUN'),(467,10,'670','SAN ANDRES DE SOTAVENTO'),(468,10,'672','SAN ANTERO'),(469,10,'675','SAN BERNARDO DEL VIENTO'),(470,10,'678','SAN CARLOS'),(471,10,'686','SAN PELAYO'),(472,10,'807','TIERRALTA'),(473,10,'855','VALENCIA'),(474,11,'001','AGUA DE DIOS'),(475,11,'019','ALBAN'),(476,11,'035','ANAPOIMA'),(477,11,'040','ANOLAIMA'),(478,11,'053','ARBELAEZ'),(479,11,'086','BELTRAN'),(480,11,'095','BITUIMA'),(481,11,'099','BOJACA'),(482,11,'120','CABRERA'),(483,11,'123','CACHIPAY'),(484,11,'126','CAJICA'),(485,11,'148','CAPARRAPI'),(486,11,'151','CAQUEZA'),(487,11,'154','CARMEN DE CARUPA'),(488,11,'168','CHAGUANI'),(489,11,'175','CHIA'),(490,11,'178','CHIPAQUE'),(491,11,'181','CHOACHI'),(492,11,'183','CHOCONTA'),(493,11,'200','COGUA'),(494,11,'214','COTA'),(495,11,'224','CUCUNUBA'),(496,11,'245','EL COLEGIO'),(497,11,'258','EL PEÑON'),(498,11,'260','EL ROSAL'),(499,11,'269','FACATATIVA'),(500,11,'279','FOMEQUE'),(501,11,'281','FOSCA'),(502,11,'286','FUNZA'),(503,11,'288','FUQUENE'),(504,11,'290','FUSAGASUGA'),(505,11,'293','GACHALA'),(506,11,'295','GACHANCIPA'),(507,11,'297','GACHETA'),(508,11,'299','GAMA'),(509,11,'307','GIRARDOT'),(510,11,'312','GRANADA'),(511,11,'317','GUACHETA'),(512,11,'320','GUADUAS'),(513,11,'322','GUASCA'),(514,11,'324','GUATAQUI'),(515,11,'326','GUATAVITA'),(516,11,'328','GUAYABAL DE SIQUIMA'),(517,11,'335','GUAYABETAL'),(518,11,'339','GUTIERREZ'),(519,11,'368','JERUSALEN'),(520,11,'372','JUNIN'),(521,11,'377','LA CALERA'),(522,11,'386','LA MESA'),(523,11,'394','LA PALMA'),(524,11,'398','LA PEÑA'),(525,11,'402','LA VEGA'),(526,11,'407','LENGUAZAQUE'),(527,11,'426','MACHETA'),(528,11,'430','MADRID'),(529,11,'436','MANTA'),(530,11,'438','MEDINA'),(531,11,'473','MOSQUERA'),(532,11,'483','NARIÑO'),(533,11,'486','NEMOCON'),(534,11,'488','NILO'),(535,11,'489','NIMAIMA'),(536,11,'491','NOCAIMA'),(537,11,'506','VENECIA'),(538,11,'513','PACHO'),(539,11,'518','PAIME'),(540,11,'524','PANDI'),(541,11,'530','PARATEBUENO'),(542,11,'535','PASCA'),(543,11,'572','PUERTO SALGAR'),(544,11,'580','PULI'),(545,11,'592','QUEBRADANEGRA'),(546,11,'594','QUETAME'),(547,11,'596','QUIPILE'),(548,11,'599','APULO'),(549,11,'612','RICAURTE'),(550,11,'645','SAN ANTONIO DE TEQUENDAMA'),(551,11,'649','SAN BERNARDO'),(552,11,'653','SAN CAYETANO'),(553,11,'658','SAN FRANCISCO'),(554,11,'662','SAN JUAN DE RIOSECO'),(555,11,'718','SASAIMA'),(556,11,'736','SESQUILE'),(557,11,'740','SIBATE'),(558,11,'743','SILVANIA'),(559,11,'745','SIMIJACA'),(560,11,'754','SOACHA'),(561,11,'758','SOPO'),(562,11,'769','SUBACHOQUE'),(563,11,'772','SUESCA'),(564,11,'777','SUPATA'),(565,11,'779','SUSA'),(566,11,'781','SUTATAUSA'),(567,11,'785','TABIO'),(568,11,'793','TAUSA'),(569,11,'797','TENA'),(570,11,'799','TENJO'),(571,11,'805','TIBACUY'),(572,11,'807','TIBIRITA'),(573,11,'815','TOCAIMA'),(574,11,'817','TOCANCIPA'),(575,11,'823','TOPAIPI'),(576,11,'839','UBALA'),(577,11,'841','UBAQUE'),(578,11,'843','UBATE'),(579,11,'845','UNE'),(580,11,'851','UTICA'),(581,11,'862','VERGARA'),(582,11,'867','VIANI'),(583,11,'871','VILLAGOMEZ'),(584,11,'873','VILLAPINZON'),(585,11,'875','VILLETA'),(586,11,'878','VIOTA'),(587,11,'885','YACOPI'),(588,11,'898','ZIPACON'),(589,11,'899','ZIPAQUIRA'),(590,12,'001','QUIBDO'),(591,12,'006','ACANDI'),(592,12,'025','ALTO BAUDO'),(593,12,'050','ATRATO'),(594,12,'073','BAGADO'),(595,12,'075','BAHIA SOLANO'),(596,12,'077','BAJO BAUDO'),(597,12,'086','BLEN DE BAJIRA'),(598,12,'099','BOJAYA'),(599,12,'135','CANTON DE SAN PABLO'),(600,12,'150','CARMEN DEL DARIEN'),(601,12,'160','CERTEGUI'),(602,12,'205','CONDOTO'),(603,12,'245','EL CARMEN DE ATRATO'),(604,12,'250','EL LITORAL DEL SAN JUAN'),(605,12,'361','ITSMINA'),(606,12,'372','JURADO'),(607,12,'413','LLORO'),(608,12,'425','MEDIO ATRATO'),(609,12,'430','MEDIO BAUDO'),(610,12,'450','MEDIO SAN JUAN'),(611,12,'491','NOVITA'),(612,12,'495','NUQUI'),(613,12,'580','RIO IRO'),(614,12,'600','RIO QUITO'),(615,12,'615','RIOSUCIO'),(616,12,'660','SAN JOSE DEL PALMAR'),(617,12,'745','SIPI'),(618,12,'787','TADO'),(619,12,'800','UNGUIA'),(620,12,'810','UNION PANAMERICANA'),(621,13,'001','NEIVA'),(622,13,'006','ACEVEDO'),(623,13,'013','AGRADO'),(624,13,'016','AIPE'),(625,13,'020','ALGECIRAS'),(626,13,'026','ALTAMIRA'),(627,13,'078','BARAYA'),(628,13,'132','CAMPOALEGRE'),(629,13,'206','COLOMBIA'),(630,13,'244','ELIAS'),(631,13,'298','GARZON'),(632,13,'306','GIGANTE'),(633,13,'319','GUADALUPE'),(634,13,'349','HOBO'),(635,13,'357','IQUIRA'),(636,13,'359','ISNOS'),(637,13,'378','LA ARGENTINA'),(638,13,'396','LA PLATA'),(639,13,'483','NATAGA'),(640,13,'503','OPORAPA'),(641,13,'518','PAICOL'),(642,13,'524','PALERMO'),(643,13,'530','PALESTINA'),(644,13,'548','PITAL'),(645,13,'551','PITALITO'),(646,13,'615','RIVERA'),(647,13,'660','SALADOBLANCO'),(648,13,'668','SAN AGUSTIN'),(649,13,'676','SANTA MARIA'),(650,13,'770','SUAZA'),(651,13,'791','TARQUI'),(652,13,'797','TESALIA'),(653,13,'799','TELLO'),(654,13,'801','TERUEL'),(655,13,'807','TIMANA'),(656,13,'872','VILLAVIEJA'),(657,13,'885','YAGUARA'),(658,14,'001','RIOHACHA'),(659,14,'035','ALBANIA'),(660,14,'078','BARRANCAS'),(661,14,'090','DIBULLA'),(662,14,'098','DISTRACCION'),(663,14,'110','EL MOLINO'),(664,14,'279','FONSECA'),(665,14,'378','HATONUEVO'),(666,14,'420','LA JAGUA DEL PILAR'),(667,14,'430','MAICAO'),(668,14,'560','MANAURE'),(669,14,'650','SAN JUAN DEL CESAR'),(670,14,'847','URIBIA'),(671,14,'855','URUMITA'),(672,14,'874','VILLANUEVA'),(673,15,'001','SANTA MARTA'),(674,15,'030','ALGARROBO'),(675,15,'053','ARACATACA'),(676,15,'058','ARIGUANI'),(677,15,'161','CERRO SAN ANTONIO'),(678,15,'170','CHIVOLO'),(679,15,'189','CIENAGA'),(680,15,'205','CONCORDIA'),(681,15,'245','EL BANCO'),(682,15,'258','EL PIÑON'),(683,15,'268','EL RETEN'),(684,15,'288','FUNDACION'),(685,15,'318','GUAMAL'),(686,15,'460','NUEVA GRANADA'),(687,15,'541','PEDRAZA'),(688,15,'545','PIJINO DEL CARMEN'),(689,15,'551','PIVIJAY'),(690,15,'555','PLATO'),(691,15,'570','PUEBLOVIEJO'),(692,15,'605','REMOLINO'),(693,15,'660','SABANAS DE SAN ANGEL'),(694,15,'675','SALAMINA'),(695,15,'692','SAN SEBASTIAN DE BUENAVISTA'),(696,15,'703','SAN ZENON'),(697,15,'707','SANTA ANA'),(698,15,'720','SANTA BARBARA DE PINTO'),(699,15,'745','SITIONUEVO'),(700,15,'798','TENERIFE'),(701,15,'960','ZAPAYAN'),(702,15,'980','ZONA BANANERA'),(703,16,'001','VILLAVICENCIO'),(704,16,'006','ACACIAS'),(705,16,'110','BARRANCA DE UPIA'),(706,16,'124','CABUYARO'),(707,16,'150','CASTILLA LA NUEVA'),(708,16,'223','SAN LUIS DE CUBARRAL'),(709,16,'226','CUMARAL'),(710,16,'245','EL CALVARIO'),(711,16,'251','EL CASTILLO'),(712,16,'270','EL DORADO'),(713,16,'287','FUENTE DE ORO'),(714,16,'313','GRANADA'),(715,16,'318','GUAMAL'),(716,16,'325','MAPIRIPAN'),(717,16,'330','MESETAS'),(718,16,'350','LA MACARENA'),(719,16,'370','LA URIBE'),(720,16,'400','LEJANIAS'),(721,16,'450','PUERTO CONCORDIA'),(722,16,'568','PUERTO GAITAN'),(723,16,'573','PUERTO LOPEZ'),(724,16,'577','PUERTO LLERAS'),(725,16,'590','PUERTO RICO'),(726,16,'606','RESTREPO'),(727,16,'680','SAN CARLOS GUAROA'),(728,16,'683','SAN JUAN DE ARAMA'),(729,16,'686','SAN JUANITO'),(730,16,'689','SAN MARTIN'),(731,16,'711','VISTA HERMOSA'),(732,17,'001','PASTO'),(733,17,'019','ALBAN'),(734,17,'022','ALDANA'),(735,17,'036','ANCUYA'),(736,17,'051','ARBOLEDA'),(737,17,'079','BARBACOAS'),(738,17,'083','BELEN'),(739,17,'110','BUESACO'),(740,17,'203','COLON'),(741,17,'207','CONSACA'),(742,17,'210','CONTADERO'),(743,17,'215','CORDOBA'),(744,17,'224','CUASPUD'),(745,17,'227','CUMBAL'),(746,17,'233','CUMBITARA'),(747,17,'240','CHACHAGÜI'),(748,17,'250','EL CHARCO'),(749,17,'254','EL PENOL'),(750,17,'256','EL ROSARIO'),(751,17,'258','EL TABLÓN DE GÓMEZ'),(752,17,'260','EL TAMBO'),(753,17,'287','FUNES'),(754,17,'317','GUACHUCAL'),(755,17,'320','GUAITARILLA'),(756,17,'323','GUALMATAN'),(757,17,'352','ILES'),(758,17,'354','IMUES'),(759,17,'356','IPIALES'),(760,17,'378','LA CRUZ'),(761,17,'381','LA FLORIDA'),(762,17,'385','LA LLANADA'),(763,17,'390','LA TOLA'),(764,17,'399','LA UNION'),(765,17,'405','LEIVA'),(766,17,'411','LINARES'),(767,17,'418','LOS ANDES'),(768,17,'427','MAGUI'),(769,17,'435','MALLAMA'),(770,17,'473','MOSQUERA'),(771,17,'480','NARINO'),(772,17,'490','OLAYA HERRERA'),(773,17,'506','OSPINA'),(774,17,'520','FRANCISCO PIZARRO'),(775,17,'540','POLICARPA'),(776,17,'560','POTOSI'),(777,17,'565','PROVIDENCIA'),(778,17,'573','PUERRES'),(779,17,'585','PUPIALES'),(780,17,'612','RICAURTE'),(781,17,'621','ROBERTO PAYAN'),(782,17,'678','SAMANIEGO'),(783,17,'683','SANDONA'),(784,17,'685','SAN BERNARDO'),(785,17,'687','SAN LORENZO'),(786,17,'693','SAN PABLO'),(787,17,'694','SAN PEDRO DE CARTAGO'),(788,17,'696','SANTA BARBARA'),(789,17,'699','SANTACRUZ'),(790,17,'720','SAPUYES'),(791,17,'786','TAMINANGO'),(792,17,'788','TANGUA'),(793,17,'835','TUMACO'),(794,17,'838','TUQUERRES'),(795,17,'885','YACUANQUER'),(796,18,'001','CUCUTA'),(797,18,'003','ABREGO'),(798,18,'051','ARBOLEDAS'),(799,18,'099','BOCHALEMA'),(800,18,'109','BUCARASICA'),(801,18,'125','CACOTA'),(802,18,'128','CACHIRA'),(803,18,'172','CHINACOTA'),(804,18,'174','CHITAGA'),(805,18,'206','CONVENCION'),(806,18,'223','CUCUTILLA'),(807,18,'239','DURANIA'),(808,18,'245','EL CARMEN'),(809,18,'250','EL TARRA'),(810,18,'261','EL ZULIA'),(811,18,'313','GRAMALOTE'),(812,18,'344','HACARI'),(813,18,'347','HERRAN'),(814,18,'377','LABATECA'),(815,18,'385','LA ESPERANZA'),(816,18,'398','LA PLAYA'),(817,18,'405','LOS PATIOS'),(818,18,'418','LOURDES'),(819,18,'480','MUTISCUA'),(820,18,'498','OCAÑA'),(821,18,'518','PAMPLONA'),(822,18,'520','PAMPLONITA'),(823,18,'553','PUERTO SANTANDER'),(824,18,'599','RAGONVALIA'),(825,18,'660','SALAZAR'),(826,18,'670','SAN CALIXTO'),(827,18,'673','SAN CAYETANO'),(828,18,'680','SANTIAGO'),(829,18,'720','SARDINATA'),(830,18,'743','SILOS'),(831,18,'800','TEORAMA'),(832,18,'810','TIBU'),(833,18,'820','TOLEDO'),(834,18,'871','VILLA CARO'),(835,18,'874','VILLA DEL ROSARIO'),(836,19,'001','ARMENIA'),(837,19,'111','BUENAVISTA'),(838,19,'130','CALARCA'),(839,19,'190','CIRCASIA'),(840,19,'212','CORDOBA'),(841,19,'272','FILANDIA'),(842,19,'302','GENOVA'),(843,19,'401','LA TEBAIDA'),(844,19,'470','MONTENEGRO'),(845,19,'548','PIJAO'),(846,19,'594','QUIMBAYA'),(847,19,'690','SALENTO'),(848,20,'001','PEREIRA'),(849,20,'045','APIA'),(850,20,'075','BALBOA'),(851,20,'088','BELEN DE UMBRIA'),(852,20,'170','DOS QUEBRADAS'),(853,20,'318','GUATICA'),(854,20,'383','LA CELIA'),(855,20,'400','LA VIRGINIA'),(856,20,'440','MARSELLA'),(857,20,'456','MISTRATO'),(858,20,'572','PUEBLO RICO'),(859,20,'594','QUINCHIA'),(860,20,'682','SANTA ROSA DE CABAL'),(861,20,'687','SANTUARIO'),(862,21,'001','BUCARAMANGA'),(863,21,'013','AGUADA'),(864,21,'020','ALBANIA'),(865,21,'051','ARATOCA'),(866,21,'077','BARBOSA'),(867,21,'079','BARICHARA'),(868,21,'081','BARRANCABERMEJA'),(869,21,'092','BETULIA'),(870,21,'101','BOLIVAR'),(871,21,'121','CABRERA'),(872,21,'132','CALIFORNIA'),(873,21,'147','CAPITANEJO'),(874,21,'152','CARCASI'),(875,21,'160','CEPITA'),(876,21,'162','CERRITO'),(877,21,'167','CHARALA'),(878,21,'169','CHARTA'),(879,21,'176','CHIMA'),(880,21,'179','CHIPATA'),(881,21,'190','CIMITARRA'),(882,21,'207','CONCEPCION'),(883,21,'209','CONFINES'),(884,21,'211','CONTRATACION'),(885,21,'217','COROMORO'),(886,21,'229','CURITI'),(887,21,'235','EL CARMEN DE CHUCURI'),(888,21,'245','EL GUACAMAYO'),(889,21,'250','EL PEÑON'),(890,21,'255','EL PLAYON'),(891,21,'264','ENCINO'),(892,21,'266','ENCISO'),(893,21,'271','EL FLORIAN'),(894,21,'276','FLORIDABLANCA'),(895,21,'296','GALAN'),(896,21,'298','GAMBITA'),(897,21,'307','GIRON'),(898,21,'318','GUACA'),(899,21,'320','GUADALUPE'),(900,21,'322','GUAPOTA'),(901,21,'324','GUAVATA'),(902,21,'327','GÜEPSA'),(903,21,'344','HATO'),(904,21,'368','JESUS MARIA'),(905,21,'370','JORDAN'),(906,21,'377','LA BELLEZA'),(907,21,'385','LANDAZURI'),(908,21,'397','LA PAZ'),(909,21,'406','LEBRIJA'),(910,21,'418','LOS SANTOS'),(911,21,'425','MACARAVITA'),(912,21,'432','MALAGA'),(913,21,'444','MATANZA'),(914,21,'464','MOGOTES'),(915,21,'468','MOLAGAVITA'),(916,21,'498','OCAMONTE'),(917,21,'500','OIBA'),(918,21,'502','ONZAGA'),(919,21,'522','PALMAR'),(920,21,'524','PALMAS DEL SOCORRO'),(921,21,'533','PARAMO'),(922,21,'547','PIEDECUESTA'),(923,21,'549','PINCHOTE'),(924,21,'572','PUENTE NACIONAL'),(925,21,'573','PUERTO PARRA'),(926,21,'575','PUERTO WILCHES'),(927,21,'615','RIONEGRO'),(928,21,'655','SABANA DE TORRES'),(929,21,'669','SAN ANDRES'),(930,21,'673','SAN BENITO'),(931,21,'679','SAN GIL'),(932,21,'682','SAN JOAQUIN'),(933,21,'684','SAN JOSE DE MIRANDA'),(934,21,'686','SAN MIGUEL'),(935,21,'689','SAN VICENTE DE CHUCURI'),(936,21,'705','SANTA BARBARA'),(937,21,'720','SANTA HELENA DEL OPON'),(938,21,'745','SIMACOTA'),(939,21,'755','SOCORRO'),(940,21,'770','SUAITA'),(941,21,'773','SUCRE'),(942,21,'780','SURATA'),(943,21,'820','TONA'),(944,21,'855','VALLE SAN JOSE'),(945,21,'861','VELEZ'),(946,21,'867','VETAS'),(947,21,'872','VILLANUEVA'),(948,21,'895','ZAPATOCA'),(949,22,'001','SINCELEJO'),(950,22,'110','BUENAVISTA'),(951,22,'124','CAIMITO'),(952,22,'204','COLOSO'),(953,22,'215','COROZAL'),(954,22,'221','COVEÑAS'),(955,22,'230','CHALAN'),(956,22,'233','EL ROBLE'),(957,22,'235','GALERAS'),(958,22,'265','GUARANDA'),(959,22,'400','LA UNION'),(960,22,'418','LOS PALMITOS'),(961,22,'429','MAJAGUAL'),(962,22,'473','MORROA'),(963,22,'508','OVEJAS'),(964,22,'523','PALMITO'),(965,22,'670','SAMPUES'),(966,22,'678','SAN BENITO ABAD'),(967,22,'702','SAN JUAN BETULIA'),(968,22,'708','SAN MARCOS'),(969,22,'713','SAN ONOFRE'),(970,22,'717','SAN PEDRO'),(971,22,'742','SINCE'),(972,22,'771','SUCRE'),(973,22,'820','SANTIAGO DE TOLÚ'),(974,22,'823','TOLÚ VIEJO'),(975,23,'001','IBAGUE'),(976,23,'024','ALPUJARRA'),(977,23,'026','ALVARADO'),(978,23,'030','AMBALEMA'),(979,23,'043','ANZOATEGUI'),(980,23,'055','ARMERO'),(981,23,'067','ATACO'),(982,23,'124','CAJAMARCA'),(983,23,'148','CARMEN APICALA'),(984,23,'152','CASABIANCA'),(985,23,'168','CHAPARRAL'),(986,23,'200','COELLO'),(987,23,'217','COYAIMA'),(988,23,'226','CUNDAY'),(989,23,'236','DOLORES'),(990,23,'268','ESPINAL'),(991,23,'270','FALAN'),(992,23,'275','FLANDES'),(993,23,'283','FRESNO'),(994,23,'319','GUAMO'),(995,23,'347','HERVEO'),(996,23,'349','HONDA'),(997,23,'352','ICONONZO'),(998,23,'408','LERIDA'),(999,23,'411','LIBANO'),(1000,23,'443','MARIQUITA'),(1001,23,'449','MELGAR'),(1002,23,'461','MURILLO'),(1003,23,'483','NATAGAIMA'),(1004,23,'504','ORTEGA'),(1005,23,'520','PALOCABILDO'),(1006,23,'547','PIEDRAS'),(1007,23,'555','PLANADAS'),(1008,23,'563','PRADO'),(1009,23,'585','PURIFICACION'),(1010,23,'616','RIOBLANCO'),(1011,23,'622','RONCESVALLES'),(1012,23,'624','ROVIRA'),(1013,23,'671','SALDAÑA'),(1014,23,'675','SAN ANTONIO'),(1015,23,'678','SAN LUIS'),(1016,23,'686','SANTA ISABEL'),(1017,23,'770','SUAREZ'),(1018,23,'854','VALLE DE SAN JUAN'),(1019,23,'861','VENADILLO'),(1020,23,'870','VILLAHERMOSA'),(1021,23,'873','VILLARRICA'),(1022,24,'001','CALI'),(1023,24,'020','ALCALA'),(1024,24,'036','ANDALUCIA'),(1025,24,'041','ANSERMANUEVO'),(1026,24,'054','ARGELIA'),(1027,24,'100','BOLIVAR'),(1028,24,'109','BUENAVENTURA'),(1029,24,'111','GUADALAJARA DE BUGA'),(1030,24,'113','BUGALAGRANDE'),(1031,24,'122','CAICEDONIA'),(1032,24,'126','CALIMA'),(1033,24,'130','CANDELARIA'),(1034,24,'147','CARTAGO'),(1035,24,'233','DAGUA'),(1036,24,'243','EL AGUILA'),(1037,24,'246','EL CAIRO'),(1038,24,'248','EL CERRITO'),(1039,24,'250','EL DOVIO'),(1040,24,'275','FLORIDA'),(1041,24,'306','GINEBRA'),(1042,24,'318','GUACARI'),(1043,24,'364','JAMUNDI'),(1044,24,'377','LA CUMBRE'),(1045,24,'400','LA UNION'),(1046,24,'403','LA VICTORIA'),(1047,24,'497','OBANDO'),(1048,24,'520','PALMIRA'),(1049,24,'563','PRADERA'),(1050,24,'606','RESTREPO'),(1051,24,'616','RIOFRIO'),(1052,24,'622','ROLDANILLO'),(1053,24,'670','SAN PEDRO'),(1054,24,'736','SEVILLA'),(1055,24,'823','TORO'),(1056,24,'828','TRUJILLO'),(1057,24,'834','TULUA'),(1058,24,'845','ULLOA'),(1059,24,'863','VERSALLES'),(1060,24,'869','VIJES'),(1061,24,'890','YOTOCO'),(1062,24,'892','YUMBO'),(1063,24,'895','ZARZAL'),(1064,25,'001','ARAUCA'),(1065,25,'065','ARAUQUITA'),(1066,25,'220','CRAVO NORTE'),(1067,25,'300','FORTUL'),(1068,25,'591','PUERTO RONDON'),(1069,25,'736','SARAVENA'),(1070,25,'794','TAME'),(1071,26,'001','YOPAL'),(1072,26,'010','AGUAZUL'),(1073,26,'015','CHAMEZA'),(1074,26,'125','HATO COROZAL'),(1075,26,'136','LA SALINA'),(1076,26,'139','MANI'),(1077,26,'162','MONTERREY'),(1078,26,'225','NUNCHIA'),(1079,26,'230','OROCUE'),(1080,26,'250','PAZ DE ARIPORO'),(1081,26,'263','PORE'),(1082,26,'279','RECETOR'),(1083,26,'300','SABANALARGA'),(1084,26,'315','SACAMA'),(1085,26,'325','SAN LUIS DE PALENQUE'),(1086,26,'400','TAMARA'),(1087,26,'410','TAURAMENA'),(1088,26,'430','TRINIDAD'),(1089,26,'440','VILLANUEVA'),(1090,27,'001','MOCOA'),(1091,27,'219','COLON'),(1092,27,'320','ORITO'),(1093,27,'568','PUERTO ASIS'),(1094,27,'569','PUERTO CAICEDO'),(1095,27,'571','PUERTO GUZMAN'),(1096,27,'573','LEGUÍZAMO'),(1097,27,'749','SIBUNDOY'),(1098,27,'755','SAN FRANCISCO'),(1099,27,'757','SAN MIGUEL'),(1100,27,'760','SANTIAGO'),(1101,27,'865','VALLE DEL GUAMUEZ'),(1102,27,'885','VILLAGARZON'),(1103,28,'001','SAN ANDRES'),(1104,28,'564','PROVIDENCIA Y SANTA CATALINA'),(1105,29,'001','LETICIA'),(1106,29,'263','EL ENCANTO'),(1107,29,'405','LA CHORRERA'),(1108,29,'407','LA PEDRERA'),(1109,29,'430','LA VICTORIA'),(1110,29,'460','MIRITI-PARANA'),(1111,29,'530','PUERTO ALEGRIA'),(1112,29,'536','PUERTO ARICA'),(1113,29,'540','PUERTO NARIÑO'),(1114,29,'669','PUERTO SANTANDER'),(1115,29,'798','TARAPACA'),(1116,30,'001','INIRIDA'),(1117,30,'343','BARRANCO MINA'),(1118,30,'663','MAPIRIPANA'),(1119,30,'883','SAN FELIPE'),(1120,30,'884','PUERTO COLOMBIA'),(1121,30,'885','LA GUADALUPE'),(1122,30,'886','CACAHUAL'),(1123,30,'887','PANA PANA'),(1124,30,'888','MORICHAL'),(1125,31,'001','SAN JOSE DEL GUAVIARE'),(1126,31,'015','CALAMAR'),(1127,31,'025','EL RETORNO'),(1128,31,'200','MIRAFLORES'),(1129,32,'001','MITU'),(1130,32,'161','CARURU'),(1131,32,'511','PACOA'),(1132,32,'666','TARAIRA'),(1133,32,'777','PAPUNAHUA'),(1134,32,'889','YAVARATE'),(1135,33,'001','PUERTO CARREÑO'),(1136,33,'524','LA PRIMAVERA'),(1137,33,'624','SANTA ROSALIA'),(1138,33,'773','CUMARIBO');
/*!40000 ALTER TABLE `seg_municipios` ENABLE KEYS */;
UNLOCK TABLES;

--
-- Table structure for table `seg_novedad_contrato_adi_pror`
--

DROP TABLE IF EXISTS `seg_novedad_contrato_adi_pror`;
/*!40101 SET @saved_cs_client     = @@character_set_client */;
/*!40101 SET character_set_client = utf8 */;
CREATE TABLE `seg_novedad_contrato_adi_pror` (
  `id_nov_con` int(11) NOT NULL AUTO_INCREMENT,
  `id_tip_nov` int(11) DEFAULT NULL,
  `id_contrato` int(11) DEFAULT NULL,
  `val_adicion` decimal(15,2) DEFAULT NULL,
  `fec_adcion` date DEFAULT NULL,
  `cdp` int(11) DEFAULT NULL,
  `fec_ini_prorroga` date DEFAULT NULL,
  `fec_fin_prorroga` date DEFAULT NULL,
  `observacion` varchar(500) DEFAULT NULL,
  `id_user_reg` int(11) DEFAULT NULL,
  `tipo_user_reg` char(5) DEFAULT NULL,
  `fec_reg` timestamp NULL DEFAULT NULL,
  `id_user_act` int(11) DEFAULT NULL,
  `tipo_user_act` char(5) DEFAULT NULL,
  `fec_act` timestamp NULL DEFAULT NULL,
  PRIMARY KEY (`id_nov_con`),
  KEY `id_tip_nov` (`id_tip_nov`),
  KEY `id_contrato` (`id_contrato`),
  CONSTRAINT `seg_novedad_contrato_adi_pror_ibfk_1` FOREIGN KEY (`id_tip_nov`) REFERENCES `seg_tipo_novedad_contrato` (`id_novedad`) ON DELETE CASCADE ON UPDATE CASCADE,
  CONSTRAINT `seg_novedad_contrato_adi_pror_ibfk_2` FOREIGN KEY (`id_contrato`) REFERENCES `seg_contratos_enviados` (`id_c_env`) ON DELETE CASCADE ON UPDATE CASCADE
) ENGINE=InnoDB AUTO_INCREMENT=21 DEFAULT CHARSET=utf8;
/*!40101 SET character_set_client = @saved_cs_client */;

--
-- Dumping data for table `seg_novedad_contrato_adi_pror`
--

LOCK TABLES `seg_novedad_contrato_adi_pror` WRITE;
/*!40000 ALTER TABLE `seg_novedad_contrato_adi_pror` DISABLE KEYS */;
INSERT INTO `seg_novedad_contrato_adi_pror` VALUES (18,1,10,30000.00,'2022-02-15',1,NULL,NULL,'cambio de prórroga a adición',1,'user','2022-02-14 19:50:26',1,'user','2022-02-15 14:07:52'),(19,3,10,1000.00,'2022-02-14',1,'2022-02-14','2022-03-01','',1,'user','2022-02-14 19:50:50',1,'user','2022-02-15 13:15:40'),(20,1,10,1111111.00,'2022-02-23',1,NULL,NULL,'1weqw',1,'user','2022-02-23 20:58:22',NULL,NULL,NULL);
/*!40000 ALTER TABLE `seg_novedad_contrato_adi_pror` ENABLE KEYS */;
UNLOCK TABLES;

--
-- Table structure for table `seg_novedad_contrato_cesion`
--

DROP TABLE IF EXISTS `seg_novedad_contrato_cesion`;
/*!40101 SET @saved_cs_client     = @@character_set_client */;
/*!40101 SET character_set_client = utf8 */;
CREATE TABLE `seg_novedad_contrato_cesion` (
  `id_cesion` int(11) NOT NULL AUTO_INCREMENT,
  `id_contrato` int(11) DEFAULT NULL,
  `id_tipo_nov` int(11) DEFAULT NULL,
  `id_tercero` int(11) DEFAULT NULL,
  `fec_cesion` date DEFAULT NULL,
  `observacion` varchar(500) DEFAULT NULL,
  `id_user_reg` int(11) DEFAULT NULL,
  `tipo_user_reg` char(5) DEFAULT NULL,
  `fec_reg` timestamp NULL DEFAULT NULL,
  `id_user_act` int(11) DEFAULT NULL,
  `tipo_user_act` char(5) DEFAULT NULL,
  `fec_act` timestamp NULL DEFAULT NULL,
  PRIMARY KEY (`id_cesion`),
  UNIQUE KEY `id_contrato` (`id_contrato`),
  KEY `id_tipo_nov` (`id_tipo_nov`),
  KEY `id_tercero` (`id_tercero`),
  CONSTRAINT `seg_novedad_contrato_cesion_ibfk_1` FOREIGN KEY (`id_contrato`) REFERENCES `seg_contratos_enviados` (`id_c_env`) ON DELETE CASCADE ON UPDATE CASCADE,
  CONSTRAINT `seg_novedad_contrato_cesion_ibfk_2` FOREIGN KEY (`id_tipo_nov`) REFERENCES `seg_tipo_novedad_contrato` (`id_novedad`),
  CONSTRAINT `seg_novedad_contrato_cesion_ibfk_3` FOREIGN KEY (`id_tercero`) REFERENCES `seg_terceros` (`id_tercero`)
) ENGINE=InnoDB AUTO_INCREMENT=6 DEFAULT CHARSET=utf8;
/*!40101 SET character_set_client = @saved_cs_client */;

--
-- Dumping data for table `seg_novedad_contrato_cesion`
--

LOCK TABLES `seg_novedad_contrato_cesion` WRITE;
/*!40000 ALTER TABLE `seg_novedad_contrato_cesion` DISABLE KEYS */;
INSERT INTO `seg_novedad_contrato_cesion` VALUES (5,10,4,3,'2022-02-15','Probando cambios',1,'user','2022-02-14 21:01:03',1,'user','2022-02-15 14:15:47');
/*!40000 ALTER TABLE `seg_novedad_contrato_cesion` ENABLE KEYS */;
UNLOCK TABLES;

--
-- Table structure for table `seg_novedad_contrato_liquidacion`
--

DROP TABLE IF EXISTS `seg_novedad_contrato_liquidacion`;
/*!40101 SET @saved_cs_client     = @@character_set_client */;
/*!40101 SET character_set_client = utf8 */;
CREATE TABLE `seg_novedad_contrato_liquidacion` (
  `id_liquidacion` int(11) NOT NULL AUTO_INCREMENT,
  `id_tipo_nov` int(11) DEFAULT NULL,
  `id_t_liq` int(11) DEFAULT NULL,
  `id_contrato` int(11) DEFAULT NULL,
  `fec_liq` date DEFAULT NULL,
  `val_cte` decimal(15,2) DEFAULT NULL,
  `val_cta` decimal(15,2) DEFAULT NULL,
  `observacion` varchar(500) DEFAULT NULL,
  `id_user_reg` int(11) DEFAULT NULL,
  `tipo_user_reg` char(5) DEFAULT NULL,
  `fec_reg` timestamp NULL DEFAULT NULL,
  `id_user_act` int(11) DEFAULT NULL,
  `tipo_user_act` char(5) DEFAULT NULL,
  `fec_act` timestamp NULL DEFAULT NULL,
  PRIMARY KEY (`id_liquidacion`),
  UNIQUE KEY `id_contrato` (`id_contrato`),
  KEY `id_tipo_nov` (`id_tipo_nov`),
  KEY `id_t_termina` (`id_t_liq`),
  CONSTRAINT `seg_novedad_contrato_liquidacion_ibfk_1` FOREIGN KEY (`id_tipo_nov`) REFERENCES `seg_tipo_novedad_contrato` (`id_novedad`),
  CONSTRAINT `seg_novedad_contrato_liquidacion_ibfk_2` FOREIGN KEY (`id_contrato`) REFERENCES `seg_contratos_enviados` (`id_c_env`)
) ENGINE=InnoDB DEFAULT CHARSET=utf8;
/*!40101 SET character_set_client = @saved_cs_client */;

--
-- Dumping data for table `seg_novedad_contrato_liquidacion`
--

LOCK TABLES `seg_novedad_contrato_liquidacion` WRITE;
/*!40000 ALTER TABLE `seg_novedad_contrato_liquidacion` DISABLE KEYS */;
/*!40000 ALTER TABLE `seg_novedad_contrato_liquidacion` ENABLE KEYS */;
UNLOCK TABLES;

--
-- Table structure for table `seg_novedad_contrato_reinicio`
--

DROP TABLE IF EXISTS `seg_novedad_contrato_reinicio`;
/*!40101 SET @saved_cs_client     = @@character_set_client */;
/*!40101 SET character_set_client = utf8 */;
CREATE TABLE `seg_novedad_contrato_reinicio` (
  `id_reinicio` int(11) NOT NULL AUTO_INCREMENT,
  `id_tipo_nov` int(11) DEFAULT NULL,
  `id_suspension` int(11) DEFAULT NULL,
  `fec_reinicia` date DEFAULT NULL,
  `observacion` varchar(500) DEFAULT NULL,
  `id_user_reg` int(11) DEFAULT NULL,
  `tipo_user_reg` char(5) DEFAULT NULL,
  `fec_reg` timestamp NULL DEFAULT NULL,
  `id_user_act` int(11) DEFAULT NULL,
  `tipo_user_act` char(5) DEFAULT NULL,
  `fec_act` timestamp NULL DEFAULT NULL,
  PRIMARY KEY (`id_reinicio`),
  UNIQUE KEY `id_suspension` (`id_suspension`),
  KEY `id_tipo_nov` (`id_tipo_nov`),
  CONSTRAINT `seg_novedad_contrato_reinicio_ibfk_2` FOREIGN KEY (`id_tipo_nov`) REFERENCES `seg_tipo_novedad_contrato` (`id_novedad`),
  CONSTRAINT `seg_novedad_contrato_reinicio_ibfk_3` FOREIGN KEY (`id_suspension`) REFERENCES `seg_novedad_contrato_suspension` (`id_suspension`)
) ENGINE=InnoDB AUTO_INCREMENT=18 DEFAULT CHARSET=utf8;
/*!40101 SET character_set_client = @saved_cs_client */;

--
-- Dumping data for table `seg_novedad_contrato_reinicio`
--

LOCK TABLES `seg_novedad_contrato_reinicio` WRITE;
/*!40000 ALTER TABLE `seg_novedad_contrato_reinicio` DISABLE KEYS */;
INSERT INTO `seg_novedad_contrato_reinicio` VALUES (16,6,10,'2022-02-15','',1,'user','2022-02-14 21:40:44',1,'user','2022-02-15 15:52:40'),(17,6,11,'2022-02-19','',1,'user','2022-02-15 15:53:25',NULL,NULL,NULL);
/*!40000 ALTER TABLE `seg_novedad_contrato_reinicio` ENABLE KEYS */;
UNLOCK TABLES;

--
-- Table structure for table `seg_novedad_contrato_suspension`
--

DROP TABLE IF EXISTS `seg_novedad_contrato_suspension`;
/*!40101 SET @saved_cs_client     = @@character_set_client */;
/*!40101 SET character_set_client = utf8 */;
CREATE TABLE `seg_novedad_contrato_suspension` (
  `id_suspension` int(11) NOT NULL AUTO_INCREMENT,
  `id_contrato` int(11) DEFAULT NULL,
  `id_tipo_nov` int(11) DEFAULT NULL,
  `fec_inicia` date DEFAULT NULL,
  `fec_fin` date DEFAULT NULL,
  `observacion` varchar(500) DEFAULT NULL,
  `id_user_reg` int(11) DEFAULT NULL,
  `tipo_user_reg` char(5) DEFAULT NULL,
  `fec_reg` timestamp NULL DEFAULT NULL,
  `id_user_act` int(11) DEFAULT NULL,
  `tipo_user_act` char(5) DEFAULT NULL,
  `fec_act` timestamp NULL DEFAULT NULL,
  PRIMARY KEY (`id_suspension`),
  KEY `id_contrato` (`id_contrato`),
  KEY `id_tipo_nov` (`id_tipo_nov`),
  CONSTRAINT `seg_novedad_contrato_suspension_ibfk_1` FOREIGN KEY (`id_contrato`) REFERENCES `seg_contratos_enviados` (`id_c_env`) ON DELETE CASCADE ON UPDATE CASCADE,
  CONSTRAINT `seg_novedad_contrato_suspension_ibfk_2` FOREIGN KEY (`id_tipo_nov`) REFERENCES `seg_tipo_novedad_contrato` (`id_novedad`)
) ENGINE=InnoDB AUTO_INCREMENT=13 DEFAULT CHARSET=utf8;
/*!40101 SET character_set_client = @saved_cs_client */;

--
-- Dumping data for table `seg_novedad_contrato_suspension`
--

LOCK TABLES `seg_novedad_contrato_suspension` WRITE;
/*!40000 ALTER TABLE `seg_novedad_contrato_suspension` DISABLE KEYS */;
INSERT INTO `seg_novedad_contrato_suspension` VALUES (10,10,5,'2022-02-01','2022-02-17','',1,'user','2022-02-14 21:27:02',NULL,NULL,NULL),(11,10,5,'2022-02-18','2022-02-20','',1,'user','2022-02-15 14:39:15',1,'user','2022-02-15 15:11:33'),(12,10,5,'2022-02-23','2022-02-28','',1,'user','2022-02-23 20:59:18',NULL,NULL,NULL);
/*!40000 ALTER TABLE `seg_novedad_contrato_suspension` ENABLE KEYS */;
UNLOCK TABLES;

--
-- Table structure for table `seg_novedad_contrato_terminacion`
--

DROP TABLE IF EXISTS `seg_novedad_contrato_terminacion`;
/*!40101 SET @saved_cs_client     = @@character_set_client */;
/*!40101 SET character_set_client = utf8 */;
CREATE TABLE `seg_novedad_contrato_terminacion` (
  `id_terminacion` int(11) NOT NULL AUTO_INCREMENT,
  `id_tipo_nov` int(11) DEFAULT NULL,
  `id_t_terminacion` int(11) DEFAULT NULL,
  `id_contrato` int(11) DEFAULT NULL,
  `observacion` varchar(500) DEFAULT NULL,
  `id_user_reg` int(11) DEFAULT NULL,
  `tipo_user_reg` char(5) DEFAULT NULL,
  `fec_reg` timestamp NULL DEFAULT NULL,
  `id_user_act` int(11) DEFAULT NULL,
  `tipo_user_act` char(5) DEFAULT NULL,
  `fec_act` timestamp NULL DEFAULT NULL,
  PRIMARY KEY (`id_terminacion`),
  UNIQUE KEY `id_contrato` (`id_contrato`),
  KEY `id_tipo_nov` (`id_tipo_nov`),
  KEY `id_t_termina` (`id_t_terminacion`),
  CONSTRAINT `seg_novedad_contrato_terminacion_ibfk_1` FOREIGN KEY (`id_tipo_nov`) REFERENCES `seg_tipo_novedad_contrato` (`id_novedad`),
  CONSTRAINT `seg_novedad_contrato_terminacion_ibfk_2` FOREIGN KEY (`id_t_terminacion`) REFERENCES `seg_tipo_terminacion_contrato` (`id_tipo_term`),
  CONSTRAINT `seg_novedad_contrato_terminacion_ibfk_3` FOREIGN KEY (`id_contrato`) REFERENCES `seg_contratos_enviados` (`id_c_env`)
) ENGINE=InnoDB DEFAULT CHARSET=utf8;
/*!40101 SET character_set_client = @saved_cs_client */;

--
-- Dumping data for table `seg_novedad_contrato_terminacion`
--

LOCK TABLES `seg_novedad_contrato_terminacion` WRITE;
/*!40000 ALTER TABLE `seg_novedad_contrato_terminacion` DISABLE KEYS */;
/*!40000 ALTER TABLE `seg_novedad_contrato_terminacion` ENABLE KEYS */;
UNLOCK TABLES;

--
-- Table structure for table `seg_pais`
--

DROP TABLE IF EXISTS `seg_pais`;
/*!40101 SET @saved_cs_client     = @@character_set_client */;
/*!40101 SET character_set_client = utf8 */;
CREATE TABLE `seg_pais` (
  `id_pais` int(11) NOT NULL AUTO_INCREMENT,
  `codigo_pais` char(2) DEFAULT NULL,
  `nombre_pais` varchar(50) DEFAULT NULL,
  PRIMARY KEY (`id_pais`)
) ENGINE=InnoDB AUTO_INCREMENT=2 DEFAULT CHARSET=utf8;
/*!40101 SET character_set_client = @saved_cs_client */;

--
-- Dumping data for table `seg_pais`
--

LOCK TABLES `seg_pais` WRITE;
/*!40000 ALTER TABLE `seg_pais` DISABLE KEYS */;
INSERT INTO `seg_pais` VALUES (1,'CO','Colombia');
/*!40000 ALTER TABLE `seg_pais` ENABLE KEYS */;
UNLOCK TABLES;

--
-- Table structure for table `seg_responsabilidades_terceros`
--

DROP TABLE IF EXISTS `seg_responsabilidades_terceros`;
/*!40101 SET @saved_cs_client     = @@character_set_client */;
/*!40101 SET character_set_client = utf8 */;
CREATE TABLE `seg_responsabilidades_terceros` (
  `id_resptercero` int(11) NOT NULL AUTO_INCREMENT,
  `id_tercero` int(11) DEFAULT NULL,
  `id_responsabilidad` int(11) DEFAULT NULL,
  `estado` smallint(1) DEFAULT '1',
  `id_user_reg` int(11) DEFAULT NULL,
  `tipo_user_reg` char(5) DEFAULT NULL,
  `doc_reg` char(12) DEFAULT NULL,
  `fec_reg` timestamp NULL DEFAULT NULL,
  `id_user_act` int(11) DEFAULT NULL,
  `tipo_user_act` char(5) DEFAULT NULL,
  `doc_act` char(12) DEFAULT NULL,
  `fec_act` timestamp NULL DEFAULT NULL,
  PRIMARY KEY (`id_resptercero`),
  KEY `ID_RESPTRIBUTARIA` (`id_responsabilidad`),
  KEY `ID_TERCERO` (`id_tercero`),
  KEY `ID_USERREGRESPTRIB` (`id_user_reg`),
  KEY `ID_USERACTURESPTRIB` (`id_user_act`),
  CONSTRAINT `ID_RESPTRIBUTARIA` FOREIGN KEY (`id_responsabilidad`) REFERENCES `seg_responsabilidades_tributarias` (`id_responsabilidad`),
  CONSTRAINT `ID_TERCERO` FOREIGN KEY (`id_tercero`) REFERENCES `seg_terceros` (`id_tercero`)
) ENGINE=InnoDB AUTO_INCREMENT=45 DEFAULT CHARSET=utf8;
/*!40101 SET character_set_client = @saved_cs_client */;

--
-- Dumping data for table `seg_responsabilidades_terceros`
--

LOCK TABLES `seg_responsabilidades_terceros` WRITE;
/*!40000 ALTER TABLE `seg_responsabilidades_terceros` DISABLE KEYS */;
INSERT INTO `seg_responsabilidades_terceros` VALUES (1,1,38,1,1,'user',NULL,'2021-09-17 14:48:28',1,'otro',NULL,'2021-10-01 20:51:30'),(2,1,35,1,1,'user',NULL,'2021-09-17 14:48:57',1,'otro',NULL,'2021-10-05 13:49:16'),(6,3,38,1,1,NULL,NULL,'2021-09-21 14:13:53',3,'otro',NULL,'2021-10-04 17:01:52'),(12,11,10,1,11,'otro',NULL,'2021-09-21 19:56:40',NULL,NULL,NULL,NULL),(13,11,9,1,11,'otro',NULL,'2021-09-21 19:56:48',NULL,NULL,NULL,NULL),(15,10,18,1,1,'user',NULL,'2021-09-23 22:57:50',1,'user',NULL,'2021-09-23 22:57:53'),(17,3,37,1,1,'user',NULL,'2021-09-24 16:32:48',3,'otro',NULL,'2021-10-04 17:01:51'),(21,1,18,1,1,'user','8001234323','2021-09-29 17:10:55',1,'otro',NULL,'2021-10-06 21:06:08'),(26,1,3,1,1,'user','8001234323','2021-09-29 21:11:55',1,'otro',NULL,'2021-10-18 15:42:10'),(27,1,6,1,1,'otro',NULL,'2021-09-29 21:32:09',1,'otro',NULL,'2021-10-18 15:42:05'),(28,1,10,1,1,'otro',NULL,'2021-09-29 22:17:39',1,'otro',NULL,'2021-10-18 15:42:04'),(29,1,19,1,1,'user','8001234323','2021-09-30 15:35:17',1,'otro',NULL,'2021-10-06 21:06:09'),(31,19,18,1,19,'otro',NULL,'2021-10-01 21:04:28',NULL,NULL,NULL,NULL),(32,3,10,1,1,'user','8001234323','2021-10-01 22:02:39',NULL,NULL,NULL,NULL),(33,3,20,1,1,'user','8001234323','2021-10-05 17:02:31',NULL,NULL,NULL,NULL),(34,3,36,1,1,'user','8001234323','2021-10-05 17:02:58',NULL,NULL,NULL,NULL),(35,1,11,1,1,'otro','1085907600','2021-10-06 17:04:02',1,'otro',NULL,'2021-10-06 21:06:07'),(36,1,31,1,1,'otro','1085907600','2021-10-06 17:04:47',NULL,NULL,NULL,NULL),(37,1,36,1,1,'otro','1085907600','2021-10-06 17:05:04',NULL,NULL,NULL,NULL),(40,1,4,0,1,'otro','1085907600','2021-10-06 17:07:18',1,'otro',NULL,'2022-04-22 16:12:47'),(41,3,17,1,1,'user','8001234323','2021-10-07 19:46:45',NULL,NULL,NULL,NULL),(42,3,18,1,1,'user','8001234323','2021-10-07 19:52:13',NULL,NULL,NULL,NULL),(43,1,17,1,1,'otro','1085907600','2021-10-07 22:34:19',NULL,NULL,NULL,NULL),(44,21,11,1,1,'user','901045775','2022-03-25 16:22:12',NULL,NULL,NULL,NULL);
/*!40000 ALTER TABLE `seg_responsabilidades_terceros` ENABLE KEYS */;
UNLOCK TABLES;

--
-- Table structure for table `seg_responsabilidades_tributarias`
--

DROP TABLE IF EXISTS `seg_responsabilidades_tributarias`;
/*!40101 SET @saved_cs_client     = @@character_set_client */;
/*!40101 SET character_set_client = utf8 */;
CREATE TABLE `seg_responsabilidades_tributarias` (
  `id_responsabilidad` int(11) NOT NULL AUTO_INCREMENT,
  `codigo` char(2) DEFAULT NULL,
  `descripcion` char(70) DEFAULT NULL,
  `fec_reg` timestamp NULL DEFAULT NULL,
  PRIMARY KEY (`id_responsabilidad`)
) ENGINE=InnoDB AUTO_INCREMENT=40 DEFAULT CHARSET=utf8;
/*!40101 SET character_set_client = @saved_cs_client */;

--
-- Dumping data for table `seg_responsabilidades_tributarias`
--

LOCK TABLES `seg_responsabilidades_tributarias` WRITE;
/*!40000 ALTER TABLE `seg_responsabilidades_tributarias` DISABLE KEYS */;
INSERT INTO `seg_responsabilidades_tributarias` VALUES (1,'01','APORTE ESPECIAL PARA LA ADMINISTRACIÓN DE JUSTICIA',NULL),(2,'02','GRAVAMEN A LOS MOVIMIENTOS FINANCIEROS',NULL),(3,'03','IMPUESTO AL PATRIMONIO',NULL),(4,'04','IMPUESTO RENTA Y COMPLEMENTARIO RÉGIMEN ESPECIAL',NULL),(5,'05','IMPUESTO RENTA Y COMPLEMENTARIO RÉGIMEN ORDINARIO',NULL),(6,'06','INGRESOS Y PATRIMONIO',NULL),(7,'07','RETENCIÓN EN LA FUENTE A TÍTULO DE RENTA',NULL),(8,'08','RETENCIÓN TIMBRE NACIONAL',NULL),(9,'09','RETENCIÓN EN LA FUENTE EN EL IMPUESTO SOBRE LAS VENTAS',NULL),(10,'10','OBLIGADO ADUANERO',NULL),(11,'13','GRAN CONTRIBUYENTE',NULL),(12,'14','INFORMANTE DE EXÓGENA',NULL),(13,'15','AUTORRETENEDOR',NULL),(14,'16','OBLIGACIÓN FACTURAR POR INGRESOS BIENES Y/O SERVICIOS EXCLUIDOS',NULL),(15,'17','PROFESIONALES DE COMPRA Y VENTA DE DIVISAS',NULL),(16,'18','PRECIOS DE TRANSFERENCIA',NULL),(17,'19','PRODUCTOR DE BIENES Y/O SERVICIOS EXENTOS',NULL),(18,'20','OBTENCIÓN NIT',NULL),(19,'21','DECLARAR INGRESO O SALIDA DEL PAÍS DE DIVISAS O MONEDA L',NULL),(20,'22','OBLIGADO A CUMPLIR DEBERES FORMALES A NOMBRE DE TERCEROS',NULL),(21,'23','AGENTE DE RETENCIÓN EN VENTAS',NULL),(22,'24','DECLARACIÓN CONSOLIDADA PRECIOS DE TRANSFERENCIA',NULL),(23,'26','DECLARACIÓN INDIVIDUAL PRECIOS DE TRANSFERENCIA',NULL),(24,'32','IMPUESTO NACIONAL A LA GASOLINA Y AL ACPM',NULL),(25,'33','IMPUESTO NACIONAL AL CONSUMO',NULL),(26,'36','ESTABLECIMIENTO PERMANENTE',NULL),(27,'37','OBLIGADO A FACTURAR ELECTRÓNICAMENTE',NULL),(28,'38','FACTURACIÓN ELECTRÓNICA VOLUNTARIA',NULL),(29,'39','PROVEEDOR DE SERVICIOS TECNOLÓGICOS PST',NULL),(30,'41','DECLARACIÓN ANUAL DE ACTIVOS EN EL EXTERIOR',NULL),(31,'45','AUTORRETENEDOR DE RENDIMIENTOS FINANCIEROS',NULL),(32,'46','IVA PRESTADORES DE SERVICIOS DESDE EL EXTERIOR',NULL),(33,'47','RÉGIMEN SIMPLE DE TRIBUTACIÓN - SIMPLE',NULL),(34,'48','IMPUESTO SOBRE LAS VENTAS - IVA',NULL),(35,'49','NO RESPONSABLE DE IVA',NULL),(36,'50','NO RESPONSABLE DE CONSUMO RESTAURANTES Y BARES',NULL),(37,'51','AGENTE RETENCIÓN IMPOCONSUMO DE BIENES INMUEBLES',NULL),(38,'52','FACTURADOR ELECTRÓNICO',NULL),(39,'53','PERSONA JURÍDICA NO RESPONSABLE DE IVA',NULL);
/*!40000 ALTER TABLE `seg_responsabilidades_tributarias` ENABLE KEYS */;
UNLOCK TABLES;

--
-- Table structure for table `seg_sedes_empresa`
--

DROP TABLE IF EXISTS `seg_sedes_empresa`;
/*!40101 SET @saved_cs_client     = @@character_set_client */;
/*!40101 SET character_set_client = utf8 */;
CREATE TABLE `seg_sedes_empresa` (
  `id_sede` int(11) NOT NULL AUTO_INCREMENT,
  `id_empresa` smallint(6) DEFAULT NULL,
  `nombre` varchar(60) DEFAULT NULL,
  `fec_reg` timestamp NULL DEFAULT NULL,
  `fec_act` timestamp NULL DEFAULT NULL,
  PRIMARY KEY (`id_sede`),
  KEY `ID_EMPRESAPRINCIPAL` (`id_empresa`),
  CONSTRAINT `ID_EMPRESAPRINCIPAL` FOREIGN KEY (`id_empresa`) REFERENCES `seg_empresas` (`id_empresa`)
) ENGINE=InnoDB DEFAULT CHARSET=utf8;
/*!40101 SET character_set_client = @saved_cs_client */;

--
-- Dumping data for table `seg_sedes_empresa`
--

LOCK TABLES `seg_sedes_empresa` WRITE;
/*!40000 ALTER TABLE `seg_sedes_empresa` DISABLE KEYS */;
/*!40000 ALTER TABLE `seg_sedes_empresa` ENABLE KEYS */;
UNLOCK TABLES;

--
-- Table structure for table `seg_supervisor_designado`
--

DROP TABLE IF EXISTS `seg_supervisor_designado`;
/*!40101 SET @saved_cs_client     = @@character_set_client */;
/*!40101 SET character_set_client = utf8 */;
CREATE TABLE `seg_supervisor_designado` (
  `id_supervision` int(11) NOT NULL AUTO_INCREMENT,
  `id_tercero` int(11) DEFAULT NULL,
  `id_contrato` int(11) DEFAULT NULL,
  `fec_designacion` date DEFAULT NULL,
  `observacion` varchar(500) DEFAULT NULL,
  `ruta` varchar(150) DEFAULT NULL,
  `nombre` varchar(150) DEFAULT NULL,
  `estado` char(1) DEFAULT '1',
  `id_user_reg` int(11) DEFAULT NULL,
  `tipo_user_reg` char(5) DEFAULT NULL,
  `fec_reg` timestamp NULL DEFAULT NULL,
  `id_user_act` int(11) DEFAULT NULL,
  `tipo_user_act` char(5) DEFAULT NULL,
  `fec_act` timestamp NULL DEFAULT NULL,
  PRIMARY KEY (`id_supervision`),
  UNIQUE KEY `id_contrato` (`id_contrato`),
  KEY `id_terceros` (`id_tercero`),
  CONSTRAINT `seg_supervisor_designado_ibfk_1` FOREIGN KEY (`id_tercero`) REFERENCES `seg_terceros` (`id_tercero`),
  CONSTRAINT `seg_supervisor_designado_ibfk_2` FOREIGN KEY (`id_contrato`) REFERENCES `seg_contratos_enviados` (`id_c_env`)
) ENGINE=InnoDB AUTO_INCREMENT=12 DEFAULT CHARSET=utf8;
/*!40101 SET character_set_client = @saved_cs_client */;

--
-- Dumping data for table `seg_supervisor_designado`
--

LOCK TABLES `seg_supervisor_designado` WRITE;
/*!40000 ALTER TABLE `seg_supervisor_designado` DISABLE KEYS */;
INSERT INTO `seg_supervisor_designado` VALUES (7,20,10,'2022-02-16','xxxsas','../../uploads/terceros/docs/20/','ads_20220217140833_supervision.pdf','2',1,'user','2022-02-16 13:57:35',20,'otro','2022-02-18 14:52:24'),(8,21,11,'2022-02-17','desss','../../uploads/terceros/docs/21/','ads_20220217142655_supervision.pdf','2',1,'user','2022-02-17 14:26:36',21,'otro','2022-02-18 20:57:46'),(9,12,12,'2022-02-24','ASDASD','../../uploads/terceros/docs/12/','ads_20220224205748_designacion de supervision.pdf','2',1,'user','2022-02-24 20:56:55',12,'otro','2022-05-03 13:32:09'),(10,12,13,'2022-02-28','',NULL,NULL,'1',1,'user','2022-02-25 17:10:26',NULL,NULL,NULL),(11,20,14,'2022-03-31','',NULL,NULL,'2',1,'user','2022-03-31 16:30:58',20,'otro','2022-03-31 16:42:51');
/*!40000 ALTER TABLE `seg_supervisor_designado` ENABLE KEYS */;
UNLOCK TABLES;

--
-- Table structure for table `seg_terceros`
--

DROP TABLE IF EXISTS `seg_terceros`;
/*!40101 SET @saved_cs_client     = @@character_set_client */;
/*!40101 SET character_set_client = utf8 */;
CREATE TABLE `seg_terceros` (
  `id_tercero` int(11) NOT NULL AUTO_INCREMENT,
  `tipo_doc` int(11) DEFAULT NULL,
  `cc_nit` char(12) DEFAULT NULL,
  `password` varchar(200) DEFAULT NULL,
  `apellido1` varchar(25) DEFAULT NULL,
  `apellido2` varchar(25) DEFAULT NULL,
  `nombre1` varchar(25) DEFAULT NULL,
  `nombre2` varchar(25) DEFAULT NULL,
  `razon_social` varchar(100) DEFAULT NULL,
  `pais` int(11) DEFAULT NULL,
  `departamento` int(11) DEFAULT NULL,
  `municipio` int(11) DEFAULT NULL,
  `direccion` varchar(40) DEFAULT NULL,
  `telefono` char(12) DEFAULT NULL,
  `correo` varchar(100) DEFAULT NULL,
  `genero` char(2) DEFAULT NULL,
  `fec_nacimiento` date DEFAULT NULL,
  `id_user_reg` int(11) DEFAULT NULL,
  `tipo_user_reg` char(6) DEFAULT NULL,
  `doc_reg` char(12) DEFAULT NULL,
  `fec_reg` timestamp NULL DEFAULT NULL,
  `id_user_act` int(11) DEFAULT NULL,
  `tipo_user_act` char(6) DEFAULT NULL,
  `doc_act` char(12) DEFAULT NULL,
  `fec_act` timestamp NULL DEFAULT NULL,
  PRIMARY KEY (`id_tercero`),
  UNIQUE KEY `CC_NIT` (`cc_nit`),
  KEY `ID_USERREGISTRO` (`id_user_reg`),
  KEY `ID_USERACTUALIZA` (`id_user_act`),
  KEY `ID_TIPODOCUMENTOTER` (`tipo_doc`),
  KEY `ID_PAISTERCERO` (`pais`),
  KEY `ID_DPTOTERCERO` (`departamento`),
  KEY `ID_MUNICIPIOTERCERO` (`municipio`),
  CONSTRAINT `ID_DPTOTERCERO` FOREIGN KEY (`departamento`) REFERENCES `seg_departamento` (`id_dpto`),
  CONSTRAINT `ID_MUNICIPIOTERCERO` FOREIGN KEY (`municipio`) REFERENCES `seg_municipios` (`id_municipio`),
  CONSTRAINT `ID_PAISTERCERO` FOREIGN KEY (`pais`) REFERENCES `seg_pais` (`id_pais`),
  CONSTRAINT `ID_TIPODOCUMENTOTER` FOREIGN KEY (`tipo_doc`) REFERENCES `seg_tipos_documento` (`id_tipodoc`)
) ENGINE=InnoDB AUTO_INCREMENT=30 DEFAULT CHARSET=utf8;
/*!40101 SET character_set_client = @saved_cs_client */;

--
-- Dumping data for table `seg_terceros`
--

LOCK TABLES `seg_terceros` WRITE;
/*!40000 ALTER TABLE `seg_terceros` DISABLE KEYS */;
INSERT INTO `seg_terceros` VALUES (1,1,'1085907600','3627909a29c31381a071ec27f7c9ca97726182aed29a7ddd2e54353322cfb30abb9e3a6df2ac2c20fe23436311d678564d0c8d305930575f60e2d3d048184d79','CHITAN','CORAL','EDWIN ','ALBEIRO ','LC&M',1,17,774,'Calle 10 # 5 - 60','3165479602','contactenos@lcm.com','NA','1986-05-14',1,'user','8001234323','2021-09-15 18:34:36',1,'otro','8001234323','2022-01-26 17:12:28'),(3,1,'1085907468','3627909a29c31381a071ec27f7c9ca97726182aed29a7ddd2e54353322cfb30abb9e3a6df2ac2c20fe23436311d678564d0c8d305930575f60e2d3d048184d79','MEDINA','RIOS','ALMA','MARIA','',1,14,672,'Calle 3 # 14-  39','3153421213','alma@correo.com','F','1990-03-16',1,'user','8001234323','2021-09-16 23:10:06',3,'otro','1085907468','2022-02-01 16:49:09'),(5,5,'8003452345','3627909a29c31381a071ec27f7c9ca97726182aed29a7ddd2e54353322cfb30abb9e3a6df2ac2c20fe23436311d678564d0c8d305930575f60e2d3d048184d79','','','','','Una empresa',1,17,759,'Av. Siempre viva','3008843301','eachitanc@gmail.com','NA','2018-01-01',1,'user','8001234323','2021-09-20 17:11:53',0,NULL,NULL,'2021-09-20 22:04:20'),(9,1,'8004320321','3627909a29c31381a071ec27f7c9ca97726182aed29a7ddd2e54353322cfb30abb9e3a6df2ac2c20fe23436311d678564d0c8d305930575f60e2d3d048184d79','','','','','EMPRESA DE PRUEBA',1,26,1083,'Calle 3 # 14-  40','3153421212','correo@correo.com','NA','2016-01-01',1,'user','8001234323','2021-09-21 19:32:39',NULL,NULL,NULL,NULL),(10,5,'8001234561','3627909a29c31381a071ec27f7c9ca97726182aed29a7ddd2e54353322cfb30abb9e3a6df2ac2c20fe23436311d678564d0c8d305930575f60e2d3d048184d79','','','','','EMPRESA DE PRUEBA',1,13,638,'Calle 3 # 14-  40','3153421212','correo@correo.com','NA','2015-01-01',1,'user','8001234323','2021-09-21 19:43:10',NULL,NULL,NULL,NULL),(11,5,'8001236540','d404559f602eab6fd602ac7680dacbfaadd13630335e951f097af3900e9de176b6db28512f2e000b9d04fba5133e8b1c6e8df59db3a8ab9d60be4b97cc9e81db','','','','','OTRA EMPRESA',1,14,672,'Calle 3 # 14-  42','3153421214','correo@correo.com','NA','2014-01-01',1,'user','8001234323','2021-09-21 19:48:16',11,'otro',NULL,'2021-09-21 19:53:42'),(12,2,'1085907601','3627909a29c31381a071ec27f7c9ca97726182aed29a7ddd2e54353322cfb30abb9e3a6df2ac2c20fe23436311d678564d0c8d305930575f60e2d3d048184d79','','','RSSSS','','Empresa API',1,17,782,'Calle 3 22','3008843302','correo@correo.com','NA','2018-05-24',1,'user','8001234323','2021-09-28 20:06:11',1,'user','901045775','2022-02-16 14:26:35'),(19,5,'8009329320','7bd57a0c7b8ac25cbfa18ffdb4f37ee664d3e94956545e1cab302294be399d01dc88bfbabe30668d9a76fe93b4f0eba1cffc4f546a3c861ba3f09311cc2438c1','','','','','OTRA EMPRESA api',1,17,753,'Calle 3 # 14-  40','3153421212','correo@correoapi.com','NA','2017-01-01',1,'user','8001234323','2021-09-28 22:36:35',1,'user','8001234323','2021-09-29 17:00:38'),(20,1,'1085907000','5d8bb01d731e383670d004fe5f12d9fddd1e2f500e587dcd25603d3a00688239d30527dc7b5becfa218b0966762a23a14180e94dc76216d1205b9002735770e1','PRUEBA','UNO','SUPERVISOR','DE','',1,17,759,'Calle 33 # 23-  433','3423454556','correo@supervisor.com','M','1990-02-15',1,'user','901045775','2022-02-15 19:44:37',NULL,NULL,NULL,NULL),(21,1,'1085900000','54d482d6e0638994cda75262fd507b98b454e958bbe3e61b23e6276b6aa68acf48ebcb4282b403ebbd7042ccf21439b3b7fe9f7f88ebac671c064628c6f882e7','PRUEBA2','PRUEBA','PRUEBA2','PRUEBA','',1,13,638,'Calle 3 # 14-  42','3153421214','pruebasupe2@correo.com','F','2012-02-01',1,'user','901045775','2022-02-15 22:51:17',NULL,NULL,NULL,NULL),(22,5,'8000','a2812b1dc3c6d1468006948b0f1cd59a0a5467b97e29b985a7c3fc5d27e7769d2b4765dc65545a1102455416311945dd5a52014bbc129b2cc2e040da14fc8636','','','','','EMPRESA DE TECNOLOGIA',1,3,160,'Calle 3 # 14-  42','77302432','correo@correo.com','NA','2022-03-31',1,'user','901045775','2022-03-31 15:41:24',NULL,NULL,NULL,NULL),(23,1,'1085907418','3627909a29c31381a071ec27f7c9ca97726182aed29a7ddd2e54353322cfb30abb9e3a6df2ac2c20fe23436311d678564d0c8d305930575f60e2d3d048184d79','CHITAN','CORAL','ALBEIRO','EDWIN','',1,17,759,'Vereda las Animas','3008843301','eachitanc@gmail.com','M',NULL,1,'user','901045775','2022-02-15 19:44:37',NULL,NULL,NULL,NULL),(24,1,'1085907435','3627909a29c31381a071ec27f7c9ca97726182aed29a7ddd2e54353322cfb30abb9e3a6df2ac2c20fe23436311d678564d0c8d305930575f60e2d3d048184d79','APELLIDO','APELLIDO','PRUEBA','PRUEBA','',1,17,759,'DIRECCION','3008843302','correo@gmail.com','M',NULL,1,'user','901045775','2022-02-15 19:44:37',NULL,NULL,NULL,NULL),(25,1,'11111111111','3627909a29c31381a071ec27f7c9ca97726182aed29a7ddd2e54353322cfb30abb9e3a6df2ac2c20fe23436311d678564d0c8d305930575f60e2d3d048184d79','APELLIDO2','APELLIDO2','PREUBA2','PRUEBA2','',1,17,759,'CALLE 2','3008843303','correo@gmail.com','M',NULL,1,'user','901045775','2022-02-15 19:44:37',NULL,NULL,NULL,NULL),(26,1,'1085907400','3627909a29c31381a071ec27f7c9ca97726182aed29a7ddd2e54353322cfb30abb9e3a6df2ac2c20fe23436311d678564d0c8d305930575f60e2d3d048184d79','OTRO','MAS','EMPLEADO','TRABAJADOR','',1,17,759,'AV SIEMPRE VIVA','3008843304','correo@gmail.com','M',NULL,1,'user','901045775','2022-02-15 19:44:37',NULL,NULL,NULL,NULL),(27,1,'1085999901','19b7677377537b4be739f5e1e414ad45f0065be22ee623b0d23298708508967d3d2c781a31223c05d218e73a55d5345b15c0d5a9336609f0d4a27ef4f8161c14','Perez','Salazar','Carlos','Antonio','',1,17,745,'Calle 3 # 14-  42','3423454556','mail@correo.com','M','1970-01-01',1,'user','901045775','2022-04-27 19:40:53',NULL,NULL,NULL,NULL),(28,1,'1085999902','b9e22241fb3ec74e47174123f8286b488a3f175c892106afe07de850b0daa39f393f15673843bb5a1e4734472adaf49932aa9e0f94c8c6a9e91088294688217d','Perez','Salazar','Carlos','Antonio','',1,17,745,'Calle 3 # 14-  42','3423454556','mail@correo.com','M','1970-01-01',1,'user','901045775','2022-04-27 19:50:35',NULL,NULL,NULL,NULL),(29,5,'8000444211','11240f5c39847358230b6fd7d1bcfb3a656408779e83eb26004c138ea69d29676c06ad9fff6c85d7f605cb3d063353770afbb171918c826660f618d882e6ca46','','','','','SUPERVISORES S.A.S',1,3,157,'Calle 3 # 14-  42','12312313','mail@correo.com','NA','2022-03-31',1,'user','901045775','2022-04-28 13:42:58',NULL,NULL,NULL,NULL);
/*!40000 ALTER TABLE `seg_terceros` ENABLE KEYS */;
UNLOCK TABLES;

--
-- Table structure for table `seg_tipo_doc_soporte`
--

DROP TABLE IF EXISTS `seg_tipo_doc_soporte`;
/*!40101 SET @saved_cs_client     = @@character_set_client */;
/*!40101 SET character_set_client = utf8 */;
CREATE TABLE `seg_tipo_doc_soporte` (
  `id_doc_sop` int(11) NOT NULL AUTO_INCREMENT,
  `descripcion` varchar(100) DEFAULT NULL,
  PRIMARY KEY (`id_doc_sop`)
) ENGINE=InnoDB AUTO_INCREMENT=100 DEFAULT CHARSET=utf8;
/*!40101 SET character_set_client = @saved_cs_client */;

--
-- Dumping data for table `seg_tipo_doc_soporte`
--

LOCK TABLES `seg_tipo_doc_soporte` WRITE;
/*!40000 ALTER TABLE `seg_tipo_doc_soporte` DISABLE KEYS */;
INSERT INTO `seg_tipo_doc_soporte` VALUES (1,'POLIZA 1'),(2,'POLIZA 2'),(98,'DESIGNACION DE SUPERVISION'),(99,'OTRO');
/*!40000 ALTER TABLE `seg_tipo_doc_soporte` ENABLE KEYS */;
UNLOCK TABLES;

--
-- Table structure for table `seg_tipo_docs_tercero`
--

DROP TABLE IF EXISTS `seg_tipo_docs_tercero`;
/*!40101 SET @saved_cs_client     = @@character_set_client */;
/*!40101 SET character_set_client = utf8 */;
CREATE TABLE `seg_tipo_docs_tercero` (
  `id_doc` int(11) NOT NULL AUTO_INCREMENT,
  `descripcion` varchar(50) CHARACTER SET utf8 COLLATE utf8_bin DEFAULT NULL,
  PRIMARY KEY (`id_doc`)
) ENGINE=InnoDB AUTO_INCREMENT=3 DEFAULT CHARSET=utf8;
/*!40101 SET character_set_client = @saved_cs_client */;

--
-- Dumping data for table `seg_tipo_docs_tercero`
--

LOCK TABLES `seg_tipo_docs_tercero` WRITE;
/*!40000 ALTER TABLE `seg_tipo_docs_tercero` DISABLE KEYS */;
INSERT INTO `seg_tipo_docs_tercero` VALUES (1,'CEDULA'),(2,'RUT');
/*!40000 ALTER TABLE `seg_tipo_docs_tercero` ENABLE KEYS */;
UNLOCK TABLES;

--
-- Table structure for table `seg_tipo_novedad_contrato`
--

DROP TABLE IF EXISTS `seg_tipo_novedad_contrato`;
/*!40101 SET @saved_cs_client     = @@character_set_client */;
/*!40101 SET character_set_client = utf8 */;
CREATE TABLE `seg_tipo_novedad_contrato` (
  `id_novedad` int(11) NOT NULL AUTO_INCREMENT,
  `descripcion` varchar(100) DEFAULT NULL,
  PRIMARY KEY (`id_novedad`)
) ENGINE=InnoDB AUTO_INCREMENT=9 DEFAULT CHARSET=utf8;
/*!40101 SET character_set_client = @saved_cs_client */;

--
-- Dumping data for table `seg_tipo_novedad_contrato`
--

LOCK TABLES `seg_tipo_novedad_contrato` WRITE;
/*!40000 ALTER TABLE `seg_tipo_novedad_contrato` DISABLE KEYS */;
INSERT INTO `seg_tipo_novedad_contrato` VALUES (1,'ADICIÓN'),(2,'PRORROGA'),(3,'ADICIÓN Y PRORROGA '),(4,'CESIÓN'),(5,'SUSPENSIÓN'),(6,'REINICIO'),(7,'TERMINACIÓN'),(8,'LIQUIDACIÓN');
/*!40000 ALTER TABLE `seg_tipo_novedad_contrato` ENABLE KEYS */;
UNLOCK TABLES;

--
-- Table structure for table `seg_tipo_terminacion_contrato`
--

DROP TABLE IF EXISTS `seg_tipo_terminacion_contrato`;
/*!40101 SET @saved_cs_client     = @@character_set_client */;
/*!40101 SET character_set_client = utf8 */;
CREATE TABLE `seg_tipo_terminacion_contrato` (
  `id_tipo_term` int(11) NOT NULL AUTO_INCREMENT,
  `descripcion` varchar(100) DEFAULT NULL,
  PRIMARY KEY (`id_tipo_term`)
) ENGINE=InnoDB AUTO_INCREMENT=5 DEFAULT CHARSET=utf8;
/*!40101 SET character_set_client = @saved_cs_client */;

--
-- Dumping data for table `seg_tipo_terminacion_contrato`
--

LOCK TABLES `seg_tipo_terminacion_contrato` WRITE;
/*!40000 ALTER TABLE `seg_tipo_terminacion_contrato` DISABLE KEYS */;
INSERT INTO `seg_tipo_terminacion_contrato` VALUES (1,'ANTICIPADA'),(2,'UNILATERAL'),(3,'CADUCIDAD'),(4,'BILATERAL ');
/*!40000 ALTER TABLE `seg_tipo_terminacion_contrato` ENABLE KEYS */;
UNLOCK TABLES;

--
-- Table structure for table `seg_tipos_documento`
--

DROP TABLE IF EXISTS `seg_tipos_documento`;
/*!40101 SET @saved_cs_client     = @@character_set_client */;
/*!40101 SET character_set_client = utf8 */;
CREATE TABLE `seg_tipos_documento` (
  `id_tipodoc` int(11) NOT NULL AUTO_INCREMENT,
  `codigo` char(2) DEFAULT NULL,
  `codigo_ne` char(3) DEFAULT NULL,
  `descripcion` varchar(40) DEFAULT NULL,
  PRIMARY KEY (`id_tipodoc`)
) ENGINE=InnoDB AUTO_INCREMENT=6 DEFAULT CHARSET=utf8;
/*!40101 SET character_set_client = @saved_cs_client */;

--
-- Dumping data for table `seg_tipos_documento`
--

LOCK TABLES `seg_tipos_documento` WRITE;
/*!40000 ALTER TABLE `seg_tipos_documento` DISABLE KEYS */;
INSERT INTO `seg_tipos_documento` VALUES (1,'1','CC','Cedula de Ciudadanía'),(2,'2','CE','Cedula de Extranjería'),(3,'3','TI','Tarjeta de Identidad'),(4,'4','PAS','Pasaporte'),(5,'99','NIT','NIT');
/*!40000 ALTER TABLE `seg_tipos_documento` ENABLE KEYS */;
UNLOCK TABLES;

--
-- Table structure for table `seg_valor_cotizacion`
--

DROP TABLE IF EXISTS `seg_valor_cotizacion`;
/*!40101 SET @saved_cs_client     = @@character_set_client */;
/*!40101 SET character_set_client = utf8 */;
CREATE TABLE `seg_valor_cotizacion` (
  `id_val_cot` int(11) NOT NULL AUTO_INCREMENT,
  `id_tercero` int(11) DEFAULT NULL,
  `id_cot_ter` int(11) unsigned DEFAULT NULL,
  `cant_entrega` int(11) DEFAULT '0',
  `valor` decimal(15,2) DEFAULT NULL,
  `fec_reg` timestamp NULL DEFAULT NULL,
  `id_user_act` int(11) DEFAULT NULL,
  `tipo_user_act` char(5) DEFAULT NULL,
  `fec_act` timestamp NULL DEFAULT NULL,
  PRIMARY KEY (`id_val_cot`),
  KEY `id_tercero` (`id_tercero`),
  KEY `seg_valor_cotizacion_ibfk_2` (`id_cot_ter`),
  CONSTRAINT `seg_valor_cotizacion_ibfk_1` FOREIGN KEY (`id_tercero`) REFERENCES `seg_terceros` (`id_tercero`) ON DELETE CASCADE ON UPDATE CASCADE,
  CONSTRAINT `seg_valor_cotizacion_ibfk_2` FOREIGN KEY (`id_cot_ter`) REFERENCES `seg_cotizaciones` (`id_cot`) ON DELETE CASCADE ON UPDATE CASCADE
) ENGINE=InnoDB AUTO_INCREMENT=142 DEFAULT CHARSET=utf8;
/*!40101 SET character_set_client = @saved_cs_client */;

--
-- Dumping data for table `seg_valor_cotizacion`
--

LOCK TABLES `seg_valor_cotizacion` WRITE;
/*!40000 ALTER TABLE `seg_valor_cotizacion` DISABLE KEYS */;
INSERT INTO `seg_valor_cotizacion` VALUES (96,3,128,0,500.00,'2022-02-03 14:54:56',NULL,NULL,NULL),(97,3,129,0,150.00,'2022-02-03 14:54:56',NULL,NULL,NULL),(98,3,130,0,200.00,'2022-02-03 14:54:56',NULL,NULL,NULL),(99,3,131,0,600.00,'2022-02-03 14:54:56',NULL,NULL,NULL),(100,3,132,0,500.00,'2022-02-03 14:54:56',NULL,NULL,NULL),(101,3,133,0,12000.00,'2022-02-03 14:54:56',NULL,NULL,NULL),(102,3,134,0,1200.00,'2022-02-03 14:54:56',NULL,NULL,NULL),(103,1,128,0,450.00,'2022-02-03 14:56:31',NULL,NULL,NULL),(104,1,129,0,130.00,'2022-02-03 14:56:31',NULL,NULL,NULL),(105,1,130,0,240.00,'2022-02-03 14:56:31',NULL,NULL,NULL),(106,1,131,0,500.00,'2022-02-03 14:56:31',NULL,NULL,NULL),(107,1,132,0,1000.00,'2022-02-03 14:56:31',NULL,NULL,NULL),(108,1,133,0,10000.00,'2022-02-03 14:56:31',NULL,NULL,NULL),(109,1,134,49,1400.00,'2022-02-03 14:56:31',NULL,NULL,NULL),(110,1,135,91,50.00,'2022-02-15 20:20:48',1,'otro','2022-02-22 21:26:26'),(111,1,136,100,50.00,'2022-02-15 20:20:48',1,'otro','2022-02-22 21:26:26'),(112,1,137,100,50.00,'2022-02-15 20:20:48',1,'otro','2022-02-22 21:26:26'),(113,1,139,0,12.00,'2022-02-24 20:52:44',NULL,NULL,NULL),(114,1,140,0,100.00,'2022-02-25 17:00:33',NULL,NULL,NULL),(115,22,141,0,50000.00,'2022-03-31 16:17:27',NULL,NULL,NULL),(116,22,142,0,2500000.00,'2022-03-31 16:17:27',NULL,NULL,NULL),(117,22,143,0,20000.00,'2022-03-31 16:17:27',NULL,NULL,NULL),(118,22,144,0,30000.00,'2022-03-31 16:17:27',NULL,NULL,NULL),(119,22,145,0,2000000.00,'2022-03-31 16:17:27',NULL,NULL,NULL),(120,1,141,0,60000.00,'2022-03-31 16:18:28',NULL,NULL,NULL),(121,1,142,0,3000000.00,'2022-03-31 16:18:28',NULL,NULL,NULL),(122,1,143,0,30000.00,'2022-03-31 16:18:28',NULL,NULL,NULL),(123,1,144,0,40000.00,'2022-03-31 16:18:28',NULL,NULL,NULL),(124,1,145,0,2600000.00,'2022-03-31 16:18:28',NULL,NULL,NULL),(125,1,146,0,30.00,'2022-04-19 16:56:39',NULL,NULL,NULL),(126,1,147,0,50.00,'2022-04-19 16:56:39',NULL,NULL,NULL),(127,1,148,0,30.00,'2022-04-19 16:56:39',NULL,NULL,NULL),(128,1,149,0,100.00,'2022-04-19 19:39:59',NULL,NULL,NULL),(129,1,150,0,100.00,'2022-04-19 19:39:59',NULL,NULL,NULL),(130,1,151,0,100.00,'2022-04-19 19:39:59',NULL,NULL,NULL),(131,1,152,0,100.00,'2022-04-19 19:39:59',NULL,NULL,NULL),(132,1,153,0,100.00,'2022-04-19 19:39:59',NULL,NULL,NULL),(133,1,154,0,100.00,'2022-04-19 19:39:59',NULL,NULL,NULL),(134,1,155,0,100.00,'2022-04-19 19:39:59',NULL,NULL,NULL),(135,1,156,0,100.00,'2022-04-19 19:39:59',NULL,NULL,NULL),(136,1,157,0,100.00,'2022-04-22 16:18:04',NULL,NULL,NULL),(137,1,158,0,100.00,'2022-04-22 16:18:04',NULL,NULL,NULL),(138,1,159,0,100.00,'2022-04-22 16:18:04',NULL,NULL,NULL),(139,1,163,0,100.00,'2022-05-03 19:49:36',NULL,NULL,NULL),(140,1,164,0,100.00,'2022-05-03 19:49:36',NULL,NULL,NULL),(141,1,165,0,100.00,'2022-05-03 19:49:36',NULL,NULL,NULL);
/*!40000 ALTER TABLE `seg_valor_cotizacion` ENABLE KEYS */;
UNLOCK TABLES;
/*!40103 SET TIME_ZONE=@OLD_TIME_ZONE */;

/*!40101 SET SQL_MODE=@OLD_SQL_MODE */;
/*!40014 SET FOREIGN_KEY_CHECKS=@OLD_FOREIGN_KEY_CHECKS */;
/*!40014 SET UNIQUE_CHECKS=@OLD_UNIQUE_CHECKS */;
/*!40101 SET CHARACTER_SET_CLIENT=@OLD_CHARACTER_SET_CLIENT */;
/*!40101 SET CHARACTER_SET_RESULTS=@OLD_CHARACTER_SET_RESULTS */;
/*!40101 SET COLLATION_CONNECTION=@OLD_COLLATION_CONNECTION */;
/*!40111 SET SQL_NOTES=@OLD_SQL_NOTES */;

-- Dump completed on 2022-05-06 12:01:48
